brand,brand_slug,product_title,product_handle,category,subcategory,goal,product_type,flavor,size,variant_title,variant_sku,barcode,mrp,sale_price,cost_price,wholesale_price,distributor_price,currency,tax_rate,stock,stock_status,min_order_quantity,case_pack_quantity,product_images,main_image,gallery_images,label_image,nutrition_image,ingredients,nutrition_facts,serving_size,servings_per_container,directions,warnings,allergen_info,importer,manufacturer,country_of_origin,batch_number,expiry_date,authenticity_message,short_description,long_description,key_benefits,faq,who_should_use_it,how_to_use_it,why_buy_from_upgraded,seo_title,seo_description,seo_keywords,meta_canonical,source_website,source_product_url,source_image_urls,data_confidence,needs_review,review_notes,created_at,updated_at
HD Muscle,hd-muscle,Turmeric,turmeric,HEALTH + WELLNESS,,,,,,Turmeric,HD-MUSCLE-TURMERIC,,2489,2489,0,0,0,INR,18,100,in_stock,1,12,/public/product-images/hd-muscle/turmeric/main.webp,/public/product-images/hd-muscle/turmeric/main.webp,,/public/product-images/hd-muscle/turmeric/label.webp,/public/product-images/hd-muscle/turmeric/nutrition.webp,", transparent labels, and clinically dosed formulas.View collectionBACK TO TOPReceive email updates on stuff you'll probably want to know about, including products, launches, and events. All hype, no spam - but you can always unsubscribe at anytime.SUBSCRIBEPRIVACY POLICYTERMS OF SERVICESHIPPING POLICYREFUND POLICYAMEXApple PayDiscoverG PayMastercardShopVISA( INR ₹ )© 2026 HD MUSCLE. All rights reserved.(self.__next_f=self.__next_f||[]).push([0]);self.__next_f.push([2,null])self.__next_f.push([1,""1:HL[\""/_next/static/css/52826a27443c8413.css\"",\""style\""]\n""])self.__next_f.push([1,""2:I[2846,[],\""\""]\n4:I[9107,[],\""ClientPageRoot\""]\n5:I[3360,[\""648\"",\""static/chunks/648-ac0aea44645a4dcc.js\"",\""34\"",\""static/chunks/34-6679f88d9f53b69d.js\"",\""287\"",\""static/chunks/app/products/%5Bhandle%5D/page-6d0701cc0bb76083.js\""],\""default\"",1]\n6:I[4707,[],\""\""]\n8:I[6423,[],\""\""]\n9:I[204,[\""185\"",\""static/chunks/app/layout-cdaba74c85f73abd.js\""],\""StoreProvider\""]\na:I[4721,[\""185\"",\""static/chunks",,,,"\"":\""column\"",\""alignItems\"":\""center\"",\""justifyContent\"":\""center\""},\""children\"":[\""$\"",\""div\"",null,{\""children\"":[[\""$\"",\""style\"",null,{\""dangerouslySetInnerHTML\"":{\""__html\"":\""body{color:#000;background:#fff;margin:0}.next-error-h1{border-right:1px solid rgba(0,0,0,.3)}@media (prefers-color-scheme:dark){body{color:#fff;background:#000}.next-error-h1{border-right:1px solid rgba(255,255,255,.3)}}\""}}],[\""$\"",\""h1\"",null,{\""className\"":\""next-error-h1\"",\""style\"":{\""display\"":\""inline-block\"",\""margin\"":\""0 20px 0 0\"",\""padding\"":\""0 23px 0 0\"",\""fontSize\"":24,\""fontWeight\"":500,\""verticalAlign\"":\""top\"",\""lineHeight\"":\""49px\""},\""children\"":\""404\""}],[\""$\"",\""div\"",null,{\""style\"":{\""display\"":\""inline-block\""},\""children\"":[\""$\"",\""h2\"",null,{\""style\"":{\""fontSize\"":14,\""fontWeight\"":400,\""lineHeight\"":\""49px\"",\""margin\"":0},\""children\"":\""This page could not be found.\""}]}]]}]}]],\""notFoundStyles\"":[]}]}]}]}]}]],null],null],\""couldBeIntercepted\"":false,\""initialHead\"":[null,\""$",,,,,India,,,,,,,,,,"Authentic products with batch-level verification, GST invoice, fast Pan-India delivery, and dedicated WhatsApp support.",,,,,hdmuscle.in,https://hdmuscle.in/products/turmeric/,https://hdmuscle.in/assets/hero-bg.jpg,medium,yes,Auto-normalized. Review and refine.,2026-05-01T18:37:31.780Z,2026-05-01T18:37:31.780Z
HD Muscle,hd-muscle,B-Complex,b-complex,HEALTH + WELLNESS,,,,,,B-Complex,HD-MUSCLE-B-COMPLEX,,2489,2489,0,0,0,INR,18,100,in_stock,1,12,/public/product-images/hd-muscle/b-complex/main.webp,/public/product-images/hd-muscle/b-complex/main.webp,,/public/product-images/hd-muscle/b-complex/label.webp,/public/product-images/hd-muscle/b-complex/nutrition.webp,", transparent labels, and clinically dosed formulas.View collectionBACK TO TOPReceive email updates on stuff you'll probably want to know about, including products, launches, and events. All hype, no spam - but you can always unsubscribe at anytime.SUBSCRIBEPRIVACY POLICYTERMS OF SERVICESHIPPING POLICYREFUND POLICYAMEXApple PayDiscoverG PayMastercardShopVISA( INR ₹ )© 2026 HD MUSCLE. All rights reserved.(self.__next_f=self.__next_f||[]).push([0]);self.__next_f.push([2,null])self.__next_f.push([1,""1:HL[\""/_next/static/css/52826a27443c8413.css\"",\""style\""]\n""])self.__next_f.push([1,""2:I[2846,[],\""\""]\n4:I[9107,[],\""ClientPageRoot\""]\n5:I[3360,[\""648\"",\""static/chunks/648-ac0aea44645a4dcc.js\"",\""34\"",\""static/chunks/34-6679f88d9f53b69d.js\"",\""287\"",\""static/chunks/app/products/%5Bhandle%5D/page-6d0701cc0bb76083.js\""],\""default\"",1]\n6:I[4707,[],\""\""]\n8:I[6423,[],\""\""]\n9:I[204,[\""185\"",\""static/chunks/app/layout-cdaba74c85f73abd.js\""],\""StoreProvider\""]\na:I[4721,[\""185\"",\""static/chunks",,,,"\"":\""column\"",\""alignItems\"":\""center\"",\""justifyContent\"":\""center\""},\""children\"":[\""$\"",\""div\"",null,{\""children\"":[[\""$\"",\""style\"",null,{\""dangerouslySetInnerHTML\"":{\""__html\"":\""body{color:#000;background:#fff;margin:0}.next-error-h1{border-right:1px solid rgba(0,0,0,.3)}@media (prefers-color-scheme:dark){body{color:#fff;background:#000}.next-error-h1{border-right:1px solid rgba(255,255,255,.3)}}\""}}],[\""$\"",\""h1\"",null,{\""className\"":\""next-error-h1\"",\""style\"":{\""display\"":\""inline-block\"",\""margin\"":\""0 20px 0 0\"",\""padding\"":\""0 23px 0 0\"",\""fontSize\"":24,\""fontWeight\"":500,\""verticalAlign\"":\""top\"",\""lineHeight\"":\""49px\""},\""children\"":\""404\""}],[\""$\"",\""div\"",null,{\""style\"":{\""display\"":\""inline-block\""},\""children\"":[\""$\"",\""h2\"",null,{\""style\"":{\""fontSize\"":14,\""fontWeight\"":400,\""lineHeight\"":\""49px\"",\""margin\"":0},\""children\"":\""This page could not be found.\""}]}]]}]}]],\""notFoundStyles\"":[]}]}]}]}]}]],null],null],\""couldBeIntercepted\"":false,\""initialHead\"":[null,\""$",,,,,India,,,,,,,,,,"Authentic products with batch-level verification, GST invoice, fast Pan-India delivery, and dedicated WhatsApp support.",,,,,hdmuscle.in,https://hdmuscle.in/products/b-complex/,https://hdmuscle.in/assets/hero-bg.jpg,medium,yes,Auto-normalized. Review and refine.,2026-05-01T18:37:31.780Z,2026-05-01T18:37:31.780Z
HD Muscle,hd-muscle,Ashwagandha,ashwagandha,HEALTH + WELLNESS,,,,,,Ashwagandha,HD-MUSCLE-ASHWAGANDHA,,2323,2323,0,0,0,INR,18,100,in_stock,1,12,/public/product-images/hd-muscle/ashwagandha/main.webp,/public/product-images/hd-muscle/ashwagandha/main.webp,,/public/product-images/hd-muscle/ashwagandha/label.webp,/public/product-images/hd-muscle/ashwagandha/nutrition.webp,", transparent labels, and clinically dosed formulas.View collectionBACK TO TOPReceive email updates on stuff you'll probably want to know about, including products, launches, and events. All hype, no spam - but you can always unsubscribe at anytime.SUBSCRIBEPRIVACY POLICYTERMS OF SERVICESHIPPING POLICYREFUND POLICYAMEXApple PayDiscoverG PayMastercardShopVISA( INR ₹ )© 2026 HD MUSCLE. All rights reserved.(self.__next_f=self.__next_f||[]).push([0]);self.__next_f.push([2,null])self.__next_f.push([1,""1:HL[\""/_next/static/css/52826a27443c8413.css\"",\""style\""]\n""])self.__next_f.push([1,""2:I[2846,[],\""\""]\n4:I[9107,[],\""ClientPageRoot\""]\n5:I[3360,[\""648\"",\""static/chunks/648-ac0aea44645a4dcc.js\"",\""34\"",\""static/chunks/34-6679f88d9f53b69d.js\"",\""287\"",\""static/chunks/app/products/%5Bhandle%5D/page-6d0701cc0bb76083.js\""],\""default\"",1]\n6:I[4707,[],\""\""]\n8:I[6423,[],\""\""]\n9:I[204,[\""185\"",\""static/chunks/app/layout-cdaba74c85f73abd.js\""],\""StoreProvider\""]\na:I[4721,[\""185\"",\""static/chunks",,,,"\"":\""column\"",\""alignItems\"":\""center\"",\""justifyContent\"":\""center\""},\""children\"":[\""$\"",\""div\"",null,{\""children\"":[[\""$\"",\""style\"",null,{\""dangerouslySetInnerHTML\"":{\""__html\"":\""body{color:#000;background:#fff;margin:0}.next-error-h1{border-right:1px solid rgba(0,0,0,.3)}@media (prefers-color-scheme:dark){body{color:#fff;background:#000}.next-error-h1{border-right:1px solid rgba(255,255,255,.3)}}\""}}],[\""$\"",\""h1\"",null,{\""className\"":\""next-error-h1\"",\""style\"":{\""display\"":\""inline-block\"",\""margin\"":\""0 20px 0 0\"",\""padding\"":\""0 23px 0 0\"",\""fontSize\"":24,\""fontWeight\"":500,\""verticalAlign\"":\""top\"",\""lineHeight\"":\""49px\""},\""children\"":\""404\""}],[\""$\"",\""div\"",null,{\""style\"":{\""display\"":\""inline-block\""},\""children\"":[\""$\"",\""h2\"",null,{\""style\"":{\""fontSize\"":14,\""fontWeight\"":400,\""lineHeight\"":\""49px\"",\""margin\"":0},\""children\"":\""This page could not be found.\""}]}]]}]}]],\""notFoundStyles\"":[]}]}]}]}]}]],null],null],\""couldBeIntercepted\"":false,\""initialHead\"":[null,\""$",,,,,India,,,,,,,,,,"Authentic products with batch-level verification, GST invoice, fast Pan-India delivery, and dedicated WhatsApp support.",,,,,hdmuscle.in,https://hdmuscle.in/products/ashwagandha/,https://hdmuscle.in/assets/hero-bg.jpg,medium,yes,Auto-normalized. Review and refine.,2026-05-01T18:37:31.780Z,2026-05-01T18:37:31.780Z
HD Muscle,hd-muscle,Fish Oil,fish-oil,HEALTH + WELLNESS,,,,,,Fish Oil,HD-MUSCLE-FISH-OIL,,1991,1991,0,0,0,INR,18,100,in_stock,1,12,/public/product-images/hd-muscle/fish-oil/main.webp,/public/product-images/hd-muscle/fish-oil/main.webp,,/public/product-images/hd-muscle/fish-oil/label.webp,/public/product-images/hd-muscle/fish-oil/nutrition.webp,", transparent labels, and clinically dosed formulas.View collectionBACK TO TOPReceive email updates on stuff you'll probably want to know about, including products, launches, and events. All hype, no spam - but you can always unsubscribe at anytime.SUBSCRIBEPRIVACY POLICYTERMS OF SERVICESHIPPING POLICYREFUND POLICYAMEXApple PayDiscoverG PayMastercardShopVISA( INR ₹ )© 2026 HD MUSCLE. All rights reserved.(self.__next_f=self.__next_f||[]).push([0]);self.__next_f.push([2,null])self.__next_f.push([1,""1:HL[\""/_next/static/css/52826a27443c8413.css\"",\""style\""]\n""])self.__next_f.push([1,""2:I[2846,[],\""\""]\n4:I[9107,[],\""ClientPageRoot\""]\n5:I[3360,[\""648\"",\""static/chunks/648-ac0aea44645a4dcc.js\"",\""34\"",\""static/chunks/34-6679f88d9f53b69d.js\"",\""287\"",\""static/chunks/app/products/%5Bhandle%5D/page-6d0701cc0bb76083.js\""],\""default\"",1]\n6:I[4707,[],\""\""]\n8:I[6423,[],\""\""]\n9:I[204,[\""185\"",\""static/chunks/app/layout-cdaba74c85f73abd.js\""],\""StoreProvider\""]\na:I[4721,[\""185\"",\""static/chunks",,,,"\"":\""column\"",\""alignItems\"":\""center\"",\""justifyContent\"":\""center\""},\""children\"":[\""$\"",\""div\"",null,{\""children\"":[[\""$\"",\""style\"",null,{\""dangerouslySetInnerHTML\"":{\""__html\"":\""body{color:#000;background:#fff;margin:0}.next-error-h1{border-right:1px solid rgba(0,0,0,.3)}@media (prefers-color-scheme:dark){body{color:#fff;background:#000}.next-error-h1{border-right:1px solid rgba(255,255,255,.3)}}\""}}],[\""$\"",\""h1\"",null,{\""className\"":\""next-error-h1\"",\""style\"":{\""display\"":\""inline-block\"",\""margin\"":\""0 20px 0 0\"",\""padding\"":\""0 23px 0 0\"",\""fontSize\"":24,\""fontWeight\"":500,\""verticalAlign\"":\""top\"",\""lineHeight\"":\""49px\""},\""children\"":\""404\""}],[\""$\"",\""div\"",null,{\""style\"":{\""display\"":\""inline-block\""},\""children\"":[\""$\"",\""h2\"",null,{\""style\"":{\""fontSize\"":14,\""fontWeight\"":400,\""lineHeight\"":\""49px\"",\""margin\"":0},\""children\"":\""This page could not be found.\""}]}]]}]}]],\""notFoundStyles\"":[]}]}]}]}]}]],null],null],\""couldBeIntercepted\"":false,\""initialHead\"":[null,\""$",,,,,India,,,,,,,,,,"Authentic products with batch-level verification, GST invoice, fast Pan-India delivery, and dedicated WhatsApp support.",,,,,hdmuscle.in,https://hdmuscle.in/products/fish-oil/,https://hdmuscle.in/assets/hero-bg.jpg,medium,yes,Auto-normalized. Review and refine.,2026-05-01T18:37:31.780Z,2026-05-01T18:37:31.780Z
HD Muscle,hd-muscle,Zinc,zinc,HEALTH + WELLNESS,,,,,,Zinc,HD-MUSCLE-ZINC,,1327,1327,0,0,0,INR,18,100,in_stock,1,12,"/public/product-images/hd-muscle/zinc/main.webp,/public/product-images/hd-muscle/zinc/gallery-01.webp",/public/product-images/hd-muscle/zinc/main.webp,/public/product-images/hd-muscle/zinc/gallery-01.webp,/public/product-images/hd-muscle/zinc/label.webp,/public/product-images/hd-muscle/zinc/nutrition.webp,", transparent labels, and clinically dosed formulas.View collectionBACK TO TOPReceive email updates on stuff you'll probably want to know about, including products, launches, and events. All hype, no spam - but you can always unsubscribe at anytime.SUBSCRIBEPRIVACY POLICYTERMS OF SERVICESHIPPING POLICYREFUND POLICYAMEXApple PayDiscoverG PayMastercardShopVISA( INR ₹ )© 2026 HD MUSCLE. All rights reserved.(self.__next_f=self.__next_f||[]).push([0]);self.__next_f.push([2,null])self.__next_f.push([1,""1:HL[\""/_next/static/css/52826a27443c8413.css\"",\""style\""]\n""])self.__next_f.push([1,""2:I[2846,[],\""\""]\n4:I[9107,[],\""ClientPageRoot\""]\n5:I[3360,[\""648\"",\""static/chunks/648-ac0aea44645a4dcc.js\"",\""34\"",\""static/chunks/34-6679f88d9f53b69d.js\"",\""287\"",\""static/chunks/app/products/%5Bhandle%5D/page-6d0701cc0bb76083.js\""],\""default\"",1]\n6:I[4707,[],\""\""]\n8:I[6423,[],\""\""]\n9:I[204,[\""185\"",\""static/chunks/app/layout-cdaba74c85f73abd.js\""],\""StoreProvider\""]\na:I[4721,[\""185\"",\""static/chunks",,,,"\"":\""column\"",\""alignItems\"":\""center\"",\""justifyContent\"":\""center\""},\""children\"":[\""$\"",\""div\"",null,{\""children\"":[[\""$\"",\""style\"",null,{\""dangerouslySetInnerHTML\"":{\""__html\"":\""body{color:#000;background:#fff;margin:0}.next-error-h1{border-right:1px solid rgba(0,0,0,.3)}@media (prefers-color-scheme:dark){body{color:#fff;background:#000}.next-error-h1{border-right:1px solid rgba(255,255,255,.3)}}\""}}],[\""$\"",\""h1\"",null,{\""className\"":\""next-error-h1\"",\""style\"":{\""display\"":\""inline-block\"",\""margin\"":\""0 20px 0 0\"",\""padding\"":\""0 23px 0 0\"",\""fontSize\"":24,\""fontWeight\"":500,\""verticalAlign\"":\""top\"",\""lineHeight\"":\""49px\""},\""children\"":\""404\""}],[\""$\"",\""div\"",null,{\""style\"":{\""display\"":\""inline-block\""},\""children\"":[\""$\"",\""h2\"",null,{\""style\"":{\""fontSize\"":14,\""fontWeight\"":400,\""lineHeight\"":\""49px\"",\""margin\"":0},\""children\"":\""This page could not be found.\""}]}]]}]}]],\""notFoundStyles\"":[]}]}]}]}]}]],null],null],\""couldBeIntercepted\"":false,\""initialHead\"":[null,\""$",,,,,India,,,,,,,,,,"Authentic products with batch-level verification, GST invoice, fast Pan-India delivery, and dedicated WhatsApp support.",,,,,hdmuscle.in,https://hdmuscle.in/products/zinc/,"https://hdmuscle.in/essentialzinc_us-5bc6921de452.png,https://hdmuscle.in/zinc-suppfacts-4d9307ba9c2f.jpg",medium,yes,Auto-normalized. Review and refine.,2026-05-01T18:37:31.780Z,2026-05-01T18:37:31.780Z
HD Muscle,hd-muscle,VitaHD,vitahd,HEALTH + WELLNESS,,,,,,VitaHD,HD-MUSCLE-VITAHD,,3485,3485,0,0,0,INR,18,100,in_stock,1,12,"/public/product-images/hd-muscle/vitahd/main.webp,/public/product-images/hd-muscle/vitahd/gallery-01.webp",/public/product-images/hd-muscle/vitahd/main.webp,/public/product-images/hd-muscle/vitahd/gallery-01.webp,/public/product-images/hd-muscle/vitahd/label.webp,/public/product-images/hd-muscle/vitahd/nutrition.webp,", transparent labels, and clinically dosed formulas.View collectionBACK TO TOPReceive email updates on stuff you'll probably want to know about, including products, launches, and events. All hype, no spam - but you can always unsubscribe at anytime.SUBSCRIBEPRIVACY POLICYTERMS OF SERVICESHIPPING POLICYREFUND POLICYAMEXApple PayDiscoverG PayMastercardShopVISA( INR ₹ )© 2026 HD MUSCLE. All rights reserved.(self.__next_f=self.__next_f||[]).push([0]);self.__next_f.push([2,null])self.__next_f.push([1,""1:HL[\""/_next/static/css/52826a27443c8413.css\"",\""style\""]\n""])self.__next_f.push([1,""2:I[2846,[],\""\""]\n4:I[9107,[],\""ClientPageRoot\""]\n5:I[3360,[\""648\"",\""static/chunks/648-ac0aea44645a4dcc.js\"",\""34\"",\""static/chunks/34-6679f88d9f53b69d.js\"",\""287\"",\""static/chunks/app/products/%5Bhandle%5D/page-6d0701cc0bb76083.js\""],\""default\"",1]\n6:I[4707,[],\""\""]\n8:I[6423,[],\""\""]\n9:I[204,[\""185\"",\""static/chunks/app/layout-cdaba74c85f73abd.js\""],\""StoreProvider\""]\na:I[4721,[\""185\"",\""static/chunks",,,,"\"":\""column\"",\""alignItems\"":\""center\"",\""justifyContent\"":\""center\""},\""children\"":[\""$\"",\""div\"",null,{\""children\"":[[\""$\"",\""style\"",null,{\""dangerouslySetInnerHTML\"":{\""__html\"":\""body{color:#000;background:#fff;margin:0}.next-error-h1{border-right:1px solid rgba(0,0,0,.3)}@media (prefers-color-scheme:dark){body{color:#fff;background:#000}.next-error-h1{border-right:1px solid rgba(255,255,255,.3)}}\""}}],[\""$\"",\""h1\"",null,{\""className\"":\""next-error-h1\"",\""style\"":{\""display\"":\""inline-block\"",\""margin\"":\""0 20px 0 0\"",\""padding\"":\""0 23px 0 0\"",\""fontSize\"":24,\""fontWeight\"":500,\""verticalAlign\"":\""top\"",\""lineHeight\"":\""49px\""},\""children\"":\""404\""}],[\""$\"",\""div\"",null,{\""style\"":{\""display\"":\""inline-block\""},\""children\"":[\""$\"",\""h2\"",null,{\""style\"":{\""fontSize\"":14,\""fontWeight\"":400,\""lineHeight\"":\""49px\"",\""margin\"":0},\""children\"":\""This page could not be found.\""}]}]]}]}]],\""notFoundStyles\"":[]}]}]}]}]}]],null],null],\""couldBeIntercepted\"":false,\""initialHead\"":[null,\""$",,,,,India,,,,,,,,,,"Authentic products with batch-level verification, GST invoice, fast Pan-India delivery, and dedicated WhatsApp support.",,,,,hdmuscle.in,https://hdmuscle.in/products/vitahd/,"https://hdmuscle.in/vitahd_346db6d9-6309-4bf2-bbfc-9ac615129d15-a87a24d19929.png,https://hdmuscle.in/vitahd-29b3c277e488.jpg",medium,yes,Auto-normalized. Review and refine.,2026-05-01T18:37:31.781Z,2026-05-01T18:37:31.781Z
HD Muscle,hd-muscle,SleepHD,sleephd,HEALTH + WELLNESS,,,,,,SleepHD,HD-MUSCLE-SLEEPHD,,3319,3319,0,0,0,INR,18,100,in_stock,1,12,"/public/product-images/hd-muscle/sleephd/main.webp,/public/product-images/hd-muscle/sleephd/gallery-01.webp",/public/product-images/hd-muscle/sleephd/main.webp,/public/product-images/hd-muscle/sleephd/gallery-01.webp,/public/product-images/hd-muscle/sleephd/label.webp,/public/product-images/hd-muscle/sleephd/nutrition.webp,", transparent labels, and clinically dosed formulas.View collectionBACK TO TOPReceive email updates on stuff you'll probably want to know about, including products, launches, and events. All hype, no spam - but you can always unsubscribe at anytime.SUBSCRIBEPRIVACY POLICYTERMS OF SERVICESHIPPING POLICYREFUND POLICYAMEXApple PayDiscoverG PayMastercardShopVISA( INR ₹ )© 2026 HD MUSCLE. All rights reserved.(self.__next_f=self.__next_f||[]).push([0]);self.__next_f.push([2,null])self.__next_f.push([1,""1:HL[\""/_next/static/css/52826a27443c8413.css\"",\""style\""]\n""])self.__next_f.push([1,""2:I[2846,[],\""\""]\n4:I[9107,[],\""ClientPageRoot\""]\n5:I[3360,[\""648\"",\""static/chunks/648-ac0aea44645a4dcc.js\"",\""34\"",\""static/chunks/34-6679f88d9f53b69d.js\"",\""287\"",\""static/chunks/app/products/%5Bhandle%5D/page-6d0701cc0bb76083.js\""],\""default\"",1]\n6:I[4707,[],\""\""]\n8:I[6423,[],\""\""]\n9:I[204,[\""185\"",\""static/chunks/app/layout-cdaba74c85f73abd.js\""],\""StoreProvider\""]\na:I[4721,[\""185\"",\""static/chunks",,,,"\"":\""column\"",\""alignItems\"":\""center\"",\""justifyContent\"":\""center\""},\""children\"":[\""$\"",\""div\"",null,{\""children\"":[[\""$\"",\""style\"",null,{\""dangerouslySetInnerHTML\"":{\""__html\"":\""body{color:#000;background:#fff;margin:0}.next-error-h1{border-right:1px solid rgba(0,0,0,.3)}@media (prefers-color-scheme:dark){body{color:#fff;background:#000}.next-error-h1{border-right:1px solid rgba(255,255,255,.3)}}\""}}],[\""$\"",\""h1\"",null,{\""className\"":\""next-error-h1\"",\""style\"":{\""display\"":\""inline-block\"",\""margin\"":\""0 20px 0 0\"",\""padding\"":\""0 23px 0 0\"",\""fontSize\"":24,\""fontWeight\"":500,\""verticalAlign\"":\""top\"",\""lineHeight\"":\""49px\""},\""children\"":\""404\""}],[\""$\"",\""div\"",null,{\""style\"":{\""display\"":\""inline-block\""},\""children\"":[\""$\"",\""h2\"",null,{\""style\"":{\""fontSize\"":14,\""fontWeight\"":400,\""lineHeight\"":\""49px\"",\""margin\"":0},\""children\"":\""This page could not be found.\""}]}]]}]}]],\""notFoundStyles\"":[]}]}]}]}]}]],null],null],\""couldBeIntercepted\"":false,\""initialHead\"":[null,\""$",,,,,India,,,,,,,,,,"Authentic products with batch-level verification, GST invoice, fast Pan-India delivery, and dedicated WhatsApp support.",,,,,hdmuscle.in,https://hdmuscle.in/products/sleephd/,"https://hdmuscle.in/sleephd_front-132a4b82f333.png,https://hdmuscle.in/sleephd_web1-d6d6eabbf104.png",medium,yes,Auto-normalized. Review and refine.,2026-05-01T18:37:31.781Z,2026-05-01T18:37:31.781Z
HD Muscle,hd-muscle,Omega3,omega3,HEALTH + WELLNESS,,,,,,Omega3,HD-MUSCLE-OMEGA3,,2489,2489,0,0,0,INR,18,100,in_stock,1,12,"/public/product-images/hd-muscle/omega3/main.webp,/public/product-images/hd-muscle/omega3/gallery-01.webp",/public/product-images/hd-muscle/omega3/main.webp,/public/product-images/hd-muscle/omega3/gallery-01.webp,/public/product-images/hd-muscle/omega3/label.webp,/public/product-images/hd-muscle/omega3/nutrition.webp,", transparent labels, and clinically dosed formulas.View collectionBACK TO TOPReceive email updates on stuff you'll probably want to know about, including products, launches, and events. All hype, no spam - but you can always unsubscribe at anytime.SUBSCRIBEPRIVACY POLICYTERMS OF SERVICESHIPPING POLICYREFUND POLICYAMEXApple PayDiscoverG PayMastercardShopVISA( INR ₹ )© 2026 HD MUSCLE. All rights reserved.(self.__next_f=self.__next_f||[]).push([0]);self.__next_f.push([2,null])self.__next_f.push([1,""1:HL[\""/_next/static/css/52826a27443c8413.css\"",\""style\""]\n""])self.__next_f.push([1,""2:I[2846,[],\""\""]\n4:I[9107,[],\""ClientPageRoot\""]\n5:I[3360,[\""648\"",\""static/chunks/648-ac0aea44645a4dcc.js\"",\""34\"",\""static/chunks/34-6679f88d9f53b69d.js\"",\""287\"",\""static/chunks/app/products/%5Bhandle%5D/page-6d0701cc0bb76083.js\""],\""default\"",1]\n6:I[4707,[],\""\""]\n8:I[6423,[],\""\""]\n9:I[204,[\""185\"",\""static/chunks/app/layout-cdaba74c85f73abd.js\""],\""StoreProvider\""]\na:I[4721,[\""185\"",\""static/chunks",,,,"\"":\""column\"",\""alignItems\"":\""center\"",\""justifyContent\"":\""center\""},\""children\"":[\""$\"",\""div\"",null,{\""children\"":[[\""$\"",\""style\"",null,{\""dangerouslySetInnerHTML\"":{\""__html\"":\""body{color:#000;background:#fff;margin:0}.next-error-h1{border-right:1px solid rgba(0,0,0,.3)}@media (prefers-color-scheme:dark){body{color:#fff;background:#000}.next-error-h1{border-right:1px solid rgba(255,255,255,.3)}}\""}}],[\""$\"",\""h1\"",null,{\""className\"":\""next-error-h1\"",\""style\"":{\""display\"":\""inline-block\"",\""margin\"":\""0 20px 0 0\"",\""padding\"":\""0 23px 0 0\"",\""fontSize\"":24,\""fontWeight\"":500,\""verticalAlign\"":\""top\"",\""lineHeight\"":\""49px\""},\""children\"":\""404\""}],[\""$\"",\""div\"",null,{\""style\"":{\""display\"":\""inline-block\""},\""children\"":[\""$\"",\""h2\"",null,{\""style\"":{\""fontSize\"":14,\""fontWeight\"":400,\""lineHeight\"":\""49px\"",\""margin\"":0},\""children\"":\""This page could not be found.\""}]}]]}]}]],\""notFoundStyles\"":[]}]}]}]}]}]],null],null],\""couldBeIntercepted\"":false,\""initialHead\"":[null,\""$",,,,,India,,,,,,,,,,"Authentic products with batch-level verification, GST invoice, fast Pan-India delivery, and dedicated WhatsApp support.",,,,,hdmuscle.in,https://hdmuscle.in/products/omega3/,"https://hdmuscle.in/omega3-99a2300a6e51.png,https://hdmuscle.in/omega3-205faac727f8.jpg",medium,yes,Auto-normalized. Review and refine.,2026-05-01T18:37:31.781Z,2026-05-01T18:37:31.781Z
HD Muscle,hd-muscle,Magnesium,magnesium,HEALTH + WELLNESS,,,,,,Magnesium,HD-MUSCLE-MAGNESIUM,,1825,1825,0,0,0,INR,18,100,in_stock,1,12,/public/product-images/hd-muscle/magnesium/main.webp,/public/product-images/hd-muscle/magnesium/main.webp,,/public/product-images/hd-muscle/magnesium/label.webp,/public/product-images/hd-muscle/magnesium/nutrition.webp,", transparent labels, and clinically dosed formulas.View collectionBACK TO TOPReceive email updates on stuff you'll probably want to know about, including products, launches, and events. All hype, no spam - but you can always unsubscribe at anytime.SUBSCRIBEPRIVACY POLICYTERMS OF SERVICESHIPPING POLICYREFUND POLICYAMEXApple PayDiscoverG PayMastercardShopVISA( INR ₹ )© 2026 HD MUSCLE. All rights reserved.(self.__next_f=self.__next_f||[]).push([0]);self.__next_f.push([2,null])self.__next_f.push([1,""1:HL[\""/_next/static/css/52826a27443c8413.css\"",\""style\""]\n""])self.__next_f.push([1,""2:I[2846,[],\""\""]\n4:I[9107,[],\""ClientPageRoot\""]\n5:I[3360,[\""648\"",\""static/chunks/648-ac0aea44645a4dcc.js\"",\""34\"",\""static/chunks/34-6679f88d9f53b69d.js\"",\""287\"",\""static/chunks/app/products/%5Bhandle%5D/page-6d0701cc0bb76083.js\""],\""default\"",1]\n6:I[4707,[],\""\""]\n8:I[6423,[],\""\""]\n9:I[204,[\""185\"",\""static/chunks/app/layout-cdaba74c85f73abd.js\""],\""StoreProvider\""]\na:I[4721,[\""185\"",\""static/chunks",,,,"\"":\""column\"",\""alignItems\"":\""center\"",\""justifyContent\"":\""center\""},\""children\"":[\""$\"",\""div\"",null,{\""children\"":[[\""$\"",\""style\"",null,{\""dangerouslySetInnerHTML\"":{\""__html\"":\""body{color:#000;background:#fff;margin:0}.next-error-h1{border-right:1px solid rgba(0,0,0,.3)}@media (prefers-color-scheme:dark){body{color:#fff;background:#000}.next-error-h1{border-right:1px solid rgba(255,255,255,.3)}}\""}}],[\""$\"",\""h1\"",null,{\""className\"":\""next-error-h1\"",\""style\"":{\""display\"":\""inline-block\"",\""margin\"":\""0 20px 0 0\"",\""padding\"":\""0 23px 0 0\"",\""fontSize\"":24,\""fontWeight\"":500,\""verticalAlign\"":\""top\"",\""lineHeight\"":\""49px\""},\""children\"":\""404\""}],[\""$\"",\""div\"",null,{\""style\"":{\""display\"":\""inline-block\""},\""children\"":[\""$\"",\""h2\"",null,{\""style\"":{\""fontSize\"":14,\""fontWeight\"":400,\""lineHeight\"":\""49px\"",\""margin\"":0},\""children\"":\""This page could not be found.\""}]}]]}]}]],\""notFoundStyles\"":[]}]}]}]}]}]],null],null],\""couldBeIntercepted\"":false,\""initialHead\"":[null,\""$",,,,,India,,,,,,,,,,"Authentic products with batch-level verification, GST invoice, fast Pan-India delivery, and dedicated WhatsApp support.",,,,,hdmuscle.in,https://hdmuscle.in/products/magnesium/,https://hdmuscle.in/mag-suppfacts-240961334426.jpg,medium,yes,Auto-normalized. Review and refine.,2026-05-01T18:37:31.781Z,2026-05-01T18:37:31.781Z
HD Muscle,hd-muscle,MultiHD,multihd,HEALTH + WELLNESS,,,,,,MultiHD,HD-MUSCLE-MULTIHD,,2987,2987,0,0,0,INR,18,100,in_stock,1,12,"/public/product-images/hd-muscle/multihd/main.webp,/public/product-images/hd-muscle/multihd/gallery-01.webp",/public/product-images/hd-muscle/multihd/main.webp,/public/product-images/hd-muscle/multihd/gallery-01.webp,/public/product-images/hd-muscle/multihd/label.webp,/public/product-images/hd-muscle/multihd/nutrition.webp,", transparent labels, and clinically dosed formulas.View collectionBACK TO TOPReceive email updates on stuff you'll probably want to know about, including products, launches, and events. All hype, no spam - but you can always unsubscribe at anytime.SUBSCRIBEPRIVACY POLICYTERMS OF SERVICESHIPPING POLICYREFUND POLICYAMEXApple PayDiscoverG PayMastercardShopVISA( INR ₹ )© 2026 HD MUSCLE. All rights reserved.(self.__next_f=self.__next_f||[]).push([0]);self.__next_f.push([2,null])self.__next_f.push([1,""1:HL[\""/_next/static/css/52826a27443c8413.css\"",\""style\""]\n""])self.__next_f.push([1,""2:I[2846,[],\""\""]\n4:I[9107,[],\""ClientPageRoot\""]\n5:I[3360,[\""648\"",\""static/chunks/648-ac0aea44645a4dcc.js\"",\""34\"",\""static/chunks/34-6679f88d9f53b69d.js\"",\""287\"",\""static/chunks/app/products/%5Bhandle%5D/page-6d0701cc0bb76083.js\""],\""default\"",1]\n6:I[4707,[],\""\""]\n8:I[6423,[],\""\""]\n9:I[204,[\""185\"",\""static/chunks/app/layout-cdaba74c85f73abd.js\""],\""StoreProvider\""]\na:I[4721,[\""185\"",\""static/chunks",,,,"\"":\""column\"",\""alignItems\"":\""center\"",\""justifyContent\"":\""center\""},\""children\"":[\""$\"",\""div\"",null,{\""children\"":[[\""$\"",\""style\"",null,{\""dangerouslySetInnerHTML\"":{\""__html\"":\""body{color:#000;background:#fff;margin:0}.next-error-h1{border-right:1px solid rgba(0,0,0,.3)}@media (prefers-color-scheme:dark){body{color:#fff;background:#000}.next-error-h1{border-right:1px solid rgba(255,255,255,.3)}}\""}}],[\""$\"",\""h1\"",null,{\""className\"":\""next-error-h1\"",\""style\"":{\""display\"":\""inline-block\"",\""margin\"":\""0 20px 0 0\"",\""padding\"":\""0 23px 0 0\"",\""fontSize\"":24,\""fontWeight\"":500,\""verticalAlign\"":\""top\"",\""lineHeight\"":\""49px\""},\""children\"":\""404\""}],[\""$\"",\""div\"",null,{\""style\"":{\""display\"":\""inline-block\""},\""children\"":[\""$\"",\""h2\"",null,{\""style\"":{\""fontSize\"":14,\""fontWeight\"":400,\""lineHeight\"":\""49px\"",\""margin\"":0},\""children\"":\""This page could not be found.\""}]}]]}]}]],\""notFoundStyles\"":[]}]}]}]}]}]],null],null],\""couldBeIntercepted\"":false,\""initialHead\"":[null,\""$",,,,,India,,,,,,,,,,"Authentic products with batch-level verification, GST invoice, fast Pan-India delivery, and dedicated WhatsApp support.",,,,,hdmuscle.in,https://hdmuscle.in/products/multihd/,"https://hdmuscle.in/multi-hd-us-web-11980b086482.jpg,https://hdmuscle.in/multihd-suppfacts-4a8be796bde8.png",medium,yes,Auto-normalized. Review and refine.,2026-05-01T18:37:31.781Z,2026-05-01T18:37:31.781Z
HD Muscle,hd-muscle,LiverHD,liverhd,HEALTH + WELLNESS,,,,,,LiverHD,HD-MUSCLE-LIVERHD,,3319,3319,0,0,0,INR,18,100,in_stock,1,12,"/public/product-images/hd-muscle/liverhd/main.webp,/public/product-images/hd-muscle/liverhd/gallery-01.webp",/public/product-images/hd-muscle/liverhd/main.webp,/public/product-images/hd-muscle/liverhd/gallery-01.webp,/public/product-images/hd-muscle/liverhd/label.webp,/public/product-images/hd-muscle/liverhd/nutrition.webp,", transparent labels, and clinically dosed formulas.View collectionBACK TO TOPReceive email updates on stuff you'll probably want to know about, including products, launches, and events. All hype, no spam - but you can always unsubscribe at anytime.SUBSCRIBEPRIVACY POLICYTERMS OF SERVICESHIPPING POLICYREFUND POLICYAMEXApple PayDiscoverG PayMastercardShopVISA( INR ₹ )© 2026 HD MUSCLE. All rights reserved.(self.__next_f=self.__next_f||[]).push([0]);self.__next_f.push([2,null])self.__next_f.push([1,""1:HL[\""/_next/static/css/52826a27443c8413.css\"",\""style\""]\n""])self.__next_f.push([1,""2:I[2846,[],\""\""]\n4:I[9107,[],\""ClientPageRoot\""]\n5:I[3360,[\""648\"",\""static/chunks/648-ac0aea44645a4dcc.js\"",\""34\"",\""static/chunks/34-6679f88d9f53b69d.js\"",\""287\"",\""static/chunks/app/products/%5Bhandle%5D/page-6d0701cc0bb76083.js\""],\""default\"",1]\n6:I[4707,[],\""\""]\n8:I[6423,[],\""\""]\n9:I[204,[\""185\"",\""static/chunks/app/layout-cdaba74c85f73abd.js\""],\""StoreProvider\""]\na:I[4721,[\""185\"",\""static/chunks",,,,"\"":\""column\"",\""alignItems\"":\""center\"",\""justifyContent\"":\""center\""},\""children\"":[\""$\"",\""div\"",null,{\""children\"":[[\""$\"",\""style\"",null,{\""dangerouslySetInnerHTML\"":{\""__html\"":\""body{color:#000;background:#fff;margin:0}.next-error-h1{border-right:1px solid rgba(0,0,0,.3)}@media (prefers-color-scheme:dark){body{color:#fff;background:#000}.next-error-h1{border-right:1px solid rgba(255,255,255,.3)}}\""}}],[\""$\"",\""h1\"",null,{\""className\"":\""next-error-h1\"",\""style\"":{\""display\"":\""inline-block\"",\""margin\"":\""0 20px 0 0\"",\""padding\"":\""0 23px 0 0\"",\""fontSize\"":24,\""fontWeight\"":500,\""verticalAlign\"":\""top\"",\""lineHeight\"":\""49px\""},\""children\"":\""404\""}],[\""$\"",\""div\"",null,{\""style\"":{\""display\"":\""inline-block\""},\""children\"":[\""$\"",\""h2\"",null,{\""style\"":{\""fontSize\"":14,\""fontWeight\"":400,\""lineHeight\"":\""49px\"",\""margin\"":0},\""children\"":\""This page could not be found.\""}]}]]}]}]],\""notFoundStyles\"":[]}]}]}]}]}]],null],null],\""couldBeIntercepted\"":false,\""initialHead\"":[null,\""$",,,,,India,,,,,,,,,,"Authentic products with batch-level verification, GST invoice, fast Pan-India delivery, and dedicated WhatsApp support.",,,,,hdmuscle.in,https://hdmuscle.in/products/liverhd/,"https://hdmuscle.in/liverhd_front-029493f9bcba.png,https://hdmuscle.in/liverhd_suppfacts-424b0ecc1f79.png",medium,yes,Auto-normalized. Review and refine.,2026-05-01T18:37:31.781Z,2026-05-01T18:37:31.781Z
HD Muscle,hd-muscle,KidneyHD,kidneyhd,HEALTH + WELLNESS,,,,,,KidneyHD,HD-MUSCLE-KIDNEYHD,,2821,2821,0,0,0,INR,18,100,in_stock,1,12,"/public/product-images/hd-muscle/kidneyhd/main.webp,/public/product-images/hd-muscle/kidneyhd/gallery-01.webp",/public/product-images/hd-muscle/kidneyhd/main.webp,/public/product-images/hd-muscle/kidneyhd/gallery-01.webp,/public/product-images/hd-muscle/kidneyhd/label.webp,/public/product-images/hd-muscle/kidneyhd/nutrition.webp,", transparent labels, and clinically dosed formulas.View collectionBACK TO TOPReceive email updates on stuff you'll probably want to know about, including products, launches, and events. All hype, no spam - but you can always unsubscribe at anytime.SUBSCRIBEPRIVACY POLICYTERMS OF SERVICESHIPPING POLICYREFUND POLICYAMEXApple PayDiscoverG PayMastercardShopVISA( INR ₹ )© 2026 HD MUSCLE. All rights reserved.(self.__next_f=self.__next_f||[]).push([0]);self.__next_f.push([2,null])self.__next_f.push([1,""1:HL[\""/_next/static/css/52826a27443c8413.css\"",\""style\""]\n""])self.__next_f.push([1,""2:I[2846,[],\""\""]\n4:I[9107,[],\""ClientPageRoot\""]\n5:I[3360,[\""648\"",\""static/chunks/648-ac0aea44645a4dcc.js\"",\""34\"",\""static/chunks/34-6679f88d9f53b69d.js\"",\""287\"",\""static/chunks/app/products/%5Bhandle%5D/page-6d0701cc0bb76083.js\""],\""default\"",1]\n6:I[4707,[],\""\""]\n8:I[6423,[],\""\""]\n9:I[204,[\""185\"",\""static/chunks/app/layout-cdaba74c85f73abd.js\""],\""StoreProvider\""]\na:I[4721,[\""185\"",\""static/chunks",,,,"\"":\""column\"",\""alignItems\"":\""center\"",\""justifyContent\"":\""center\""},\""children\"":[\""$\"",\""div\"",null,{\""children\"":[[\""$\"",\""style\"",null,{\""dangerouslySetInnerHTML\"":{\""__html\"":\""body{color:#000;background:#fff;margin:0}.next-error-h1{border-right:1px solid rgba(0,0,0,.3)}@media (prefers-color-scheme:dark){body{color:#fff;background:#000}.next-error-h1{border-right:1px solid rgba(255,255,255,.3)}}\""}}],[\""$\"",\""h1\"",null,{\""className\"":\""next-error-h1\"",\""style\"":{\""display\"":\""inline-block\"",\""margin\"":\""0 20px 0 0\"",\""padding\"":\""0 23px 0 0\"",\""fontSize\"":24,\""fontWeight\"":500,\""verticalAlign\"":\""top\"",\""lineHeight\"":\""49px\""},\""children\"":\""404\""}],[\""$\"",\""div\"",null,{\""style\"":{\""display\"":\""inline-block\""},\""children\"":[\""$\"",\""h2\"",null,{\""style\"":{\""fontSize\"":14,\""fontWeight\"":400,\""lineHeight\"":\""49px\"",\""margin\"":0},\""children\"":\""This page could not be found.\""}]}]]}]}]],\""notFoundStyles\"":[]}]}]}]}]}]],null],null],\""couldBeIntercepted\"":false,\""initialHead\"":[null,\""$",,,,,India,,,,,,,,,,"Authentic products with batch-level verification, GST invoice, fast Pan-India delivery, and dedicated WhatsApp support.",,,,,hdmuscle.in,https://hdmuscle.in/products/kidneyhd/,"https://hdmuscle.in/kidneyhd_9cf6a5b3-b7c3-489d-8f65-2b92f588c431-534b14af6a44.png,https://hdmuscle.in/kidneyhd_suppfacts-89d6b80e82de.png",medium,yes,Auto-normalized. Review and refine.,2026-05-01T18:37:31.781Z,2026-05-01T18:37:31.781Z
HD Muscle,hd-muscle,K2,k2,HEALTH + WELLNESS,,,,,,K2,HD-MUSCLE-K2,,1991,1991,0,0,0,INR,18,100,in_stock,1,12,"/public/product-images/hd-muscle/k2/main.webp,/public/product-images/hd-muscle/k2/gallery-01.webp",/public/product-images/hd-muscle/k2/main.webp,/public/product-images/hd-muscle/k2/gallery-01.webp,/public/product-images/hd-muscle/k2/label.webp,/public/product-images/hd-muscle/k2/nutrition.webp,", transparent labels, and clinically dosed formulas.View collectionBACK TO TOPReceive email updates on stuff you'll probably want to know about, including products, launches, and events. All hype, no spam - but you can always unsubscribe at anytime.SUBSCRIBEPRIVACY POLICYTERMS OF SERVICESHIPPING POLICYREFUND POLICYAMEXApple PayDiscoverG PayMastercardShopVISA( INR ₹ )© 2026 HD MUSCLE. All rights reserved.(self.__next_f=self.__next_f||[]).push([0]);self.__next_f.push([2,null])self.__next_f.push([1,""1:HL[\""/_next/static/css/52826a27443c8413.css\"",\""style\""]\n""])self.__next_f.push([1,""2:I[2846,[],\""\""]\n4:I[9107,[],\""ClientPageRoot\""]\n5:I[3360,[\""648\"",\""static/chunks/648-ac0aea44645a4dcc.js\"",\""34\"",\""static/chunks/34-6679f88d9f53b69d.js\"",\""287\"",\""static/chunks/app/products/%5Bhandle%5D/page-6d0701cc0bb76083.js\""],\""default\"",1]\n6:I[4707,[],\""\""]\n8:I[6423,[],\""\""]\n9:I[204,[\""185\"",\""static/chunks/app/layout-cdaba74c85f73abd.js\""],\""StoreProvider\""]\na:I[4721,[\""185\"",\""static/chunks",,,,"\"":\""column\"",\""alignItems\"":\""center\"",\""justifyContent\"":\""center\""},\""children\"":[\""$\"",\""div\"",null,{\""children\"":[[\""$\"",\""style\"",null,{\""dangerouslySetInnerHTML\"":{\""__html\"":\""body{color:#000;background:#fff;margin:0}.next-error-h1{border-right:1px solid rgba(0,0,0,.3)}@media (prefers-color-scheme:dark){body{color:#fff;background:#000}.next-error-h1{border-right:1px solid rgba(255,255,255,.3)}}\""}}],[\""$\"",\""h1\"",null,{\""className\"":\""next-error-h1\"",\""style\"":{\""display\"":\""inline-block\"",\""margin\"":\""0 20px 0 0\"",\""padding\"":\""0 23px 0 0\"",\""fontSize\"":24,\""fontWeight\"":500,\""verticalAlign\"":\""top\"",\""lineHeight\"":\""49px\""},\""children\"":\""404\""}],[\""$\"",\""div\"",null,{\""style\"":{\""display\"":\""inline-block\""},\""children\"":[\""$\"",\""h2\"",null,{\""style\"":{\""fontSize\"":14,\""fontWeight\"":400,\""lineHeight\"":\""49px\"",\""margin\"":0},\""children\"":\""This page could not be found.\""}]}]]}]}]],\""notFoundStyles\"":[]}]}]}]}]}]],null],null],\""couldBeIntercepted\"":false,\""initialHead\"":[null,\""$",,,,,India,,,,,,,,,,"Authentic products with batch-level verification, GST invoice, fast Pan-India delivery, and dedicated WhatsApp support.",,,,,hdmuscle.in,https://hdmuscle.in/products/k2/,"https://hdmuscle.in/essentialk2_front-08a7922fdb23.png,https://hdmuscle.in/k2_b03386e3-d556-4056-b664-9abb0594f3d6-3e48e03896d4.jpg",medium,yes,Auto-normalized. Review and refine.,2026-05-01T18:37:31.781Z,2026-05-01T18:37:31.781Z
HD Muscle,hd-muscle,GlycoHD,glycohd,HEALTH + WELLNESS,,,,,,GlycoHD,HD-MUSCLE-GLYCOHD,,3983,3983,0,0,0,INR,18,100,in_stock,1,12,"/public/product-images/hd-muscle/glycohd/main.webp,/public/product-images/hd-muscle/glycohd/gallery-01.webp",/public/product-images/hd-muscle/glycohd/main.webp,/public/product-images/hd-muscle/glycohd/gallery-01.webp,/public/product-images/hd-muscle/glycohd/label.webp,/public/product-images/hd-muscle/glycohd/nutrition.webp,", transparent labels, and clinically dosed formulas.View collectionBACK TO TOPReceive email updates on stuff you'll probably want to know about, including products, launches, and events. All hype, no spam - but you can always unsubscribe at anytime.SUBSCRIBEPRIVACY POLICYTERMS OF SERVICESHIPPING POLICYREFUND POLICYAMEXApple PayDiscoverG PayMastercardShopVISA( INR ₹ )© 2026 HD MUSCLE. All rights reserved.(self.__next_f=self.__next_f||[]).push([0]);self.__next_f.push([2,null])self.__next_f.push([1,""1:HL[\""/_next/static/css/52826a27443c8413.css\"",\""style\""]\n""])self.__next_f.push([1,""2:I[2846,[],\""\""]\n4:I[9107,[],\""ClientPageRoot\""]\n5:I[3360,[\""648\"",\""static/chunks/648-ac0aea44645a4dcc.js\"",\""34\"",\""static/chunks/34-6679f88d9f53b69d.js\"",\""287\"",\""static/chunks/app/products/%5Bhandle%5D/page-6d0701cc0bb76083.js\""],\""default\"",1]\n6:I[4707,[],\""\""]\n8:I[6423,[],\""\""]\n9:I[204,[\""185\"",\""static/chunks/app/layout-cdaba74c85f73abd.js\""],\""StoreProvider\""]\na:I[4721,[\""185\"",\""static/chunks",,,,"\"":\""column\"",\""alignItems\"":\""center\"",\""justifyContent\"":\""center\""},\""children\"":[\""$\"",\""div\"",null,{\""children\"":[[\""$\"",\""style\"",null,{\""dangerouslySetInnerHTML\"":{\""__html\"":\""body{color:#000;background:#fff;margin:0}.next-error-h1{border-right:1px solid rgba(0,0,0,.3)}@media (prefers-color-scheme:dark){body{color:#fff;background:#000}.next-error-h1{border-right:1px solid rgba(255,255,255,.3)}}\""}}],[\""$\"",\""h1\"",null,{\""className\"":\""next-error-h1\"",\""style\"":{\""display\"":\""inline-block\"",\""margin\"":\""0 20px 0 0\"",\""padding\"":\""0 23px 0 0\"",\""fontSize\"":24,\""fontWeight\"":500,\""verticalAlign\"":\""top\"",\""lineHeight\"":\""49px\""},\""children\"":\""404\""}],[\""$\"",\""div\"",null,{\""style\"":{\""display\"":\""inline-block\""},\""children\"":[\""$\"",\""h2\"",null,{\""style\"":{\""fontSize\"":14,\""fontWeight\"":400,\""lineHeight\"":\""49px\"",\""margin\"":0},\""children\"":\""This page could not be found.\""}]}]]}]}]],\""notFoundStyles\"":[]}]}]}]}]}]],null],null],\""couldBeIntercepted\"":false,\""initialHead\"":[null,\""$",,,,,India,,,,,,,,,,"Authentic products with batch-level verification, GST invoice, fast Pan-India delivery, and dedicated WhatsApp support.",,,,,hdmuscle.in,https://hdmuscle.in/products/glycohd/,"https://hdmuscle.in/glycohd_front-c421c28a8d46.png,https://hdmuscle.in/glyco_hd-786d95679184.jpg",medium,yes,Auto-normalized. Review and refine.,2026-05-01T18:37:31.781Z,2026-05-01T18:37:31.781Z
HD Muscle,hd-muscle,GreensHD,greenshd,HEALTH + WELLNESS,,,,Citrus,,Citrus,HD-MUSCLE-GREENSHD-CITRUS,,2987,2987,0,0,0,INR,18,100,in_stock,1,12,"/public/product-images/hd-muscle/greenshd/main.webp,/public/product-images/hd-muscle/greenshd/gallery-01.webp",/public/product-images/hd-muscle/greenshd/main.webp,/public/product-images/hd-muscle/greenshd/gallery-01.webp,/public/product-images/hd-muscle/greenshd/label.webp,/public/product-images/hd-muscle/greenshd/nutrition.webp,", transparent labels, and clinically dosed formulas.View collectionBACK TO TOPReceive email updates on stuff you'll probably want to know about, including products, launches, and events. All hype, no spam - but you can always unsubscribe at anytime.SUBSCRIBEPRIVACY POLICYTERMS OF SERVICESHIPPING POLICYREFUND POLICYAMEXApple PayDiscoverG PayMastercardShopVISA( INR ₹ )© 2026 HD MUSCLE. All rights reserved.(self.__next_f=self.__next_f||[]).push([0]);self.__next_f.push([2,null])self.__next_f.push([1,""1:HL[\""/_next/static/css/52826a27443c8413.css\"",\""style\""]\n""])self.__next_f.push([1,""2:I[2846,[],\""\""]\n4:I[9107,[],\""ClientPageRoot\""]\n5:I[3360,[\""648\"",\""static/chunks/648-ac0aea44645a4dcc.js\"",\""34\"",\""static/chunks/34-6679f88d9f53b69d.js\"",\""287\"",\""static/chunks/app/products/%5Bhandle%5D/page-6d0701cc0bb76083.js\""],\""default\"",1]\n6:I[4707,[],\""\""]\n8:I[6423,[],\""\""]\n9:I[204,[\""185\"",\""static/chunks/app/layout-cdaba74c85f73abd.js\""],\""StoreProvider\""]\na:I[4721,[\""185\"",\""static/chunks",,,,"\"":\""column\"",\""alignItems\"":\""center\"",\""justifyContent\"":\""center\""},\""children\"":[\""$\"",\""div\"",null,{\""children\"":[[\""$\"",\""style\"",null,{\""dangerouslySetInnerHTML\"":{\""__html\"":\""body{color:#000;background:#fff;margin:0}.next-error-h1{border-right:1px solid rgba(0,0,0,.3)}@media (prefers-color-scheme:dark){body{color:#fff;background:#000}.next-error-h1{border-right:1px solid rgba(255,255,255,.3)}}\""}}],[\""$\"",\""h1\"",null,{\""className\"":\""next-error-h1\"",\""style\"":{\""display\"":\""inline-block\"",\""margin\"":\""0 20px 0 0\"",\""padding\"":\""0 23px 0 0\"",\""fontSize\"":24,\""fontWeight\"":500,\""verticalAlign\"":\""top\"",\""lineHeight\"":\""49px\""},\""children\"":\""404\""}],[\""$\"",\""div\"",null,{\""style\"":{\""display\"":\""inline-block\""},\""children\"":[\""$\"",\""h2\"",null,{\""style\"":{\""fontSize\"":14,\""fontWeight\"":400,\""lineHeight\"":\""49px\"",\""margin\"":0},\""children\"":\""This page could not be found.\""}]}]]}]}]],\""notFoundStyles\"":[]}]}]}]}]}]],null],null],\""couldBeIntercepted\"":false,\""initialHead\"":[null,\""$",,,,,India,,,,,,,,,,"Authentic products with batch-level verification, GST invoice, fast Pan-India delivery, and dedicated WhatsApp support.",,,,,hdmuscle.in,https://hdmuscle.in/products/greenshd/,"https://hdmuscle.in/greenshd-citrus-us_92d08dad-4bb8-407d-924a-25b91d9b49d0-2aee1aa60f8c.jpg,https://hdmuscle.in/greenshd-citrus-us_3_e2243ca8-713f-42e5-8095-3ca4d28721c9-685b95d866a9.png",medium,yes,Auto-normalized. Review and refine.,2026-05-01T18:37:31.781Z,2026-05-01T18:37:31.781Z
HD Muscle,hd-muscle,D3,d3,HEALTH + WELLNESS,,,,,,D3,HD-MUSCLE-D3,,1493,1493,0,0,0,INR,18,100,in_stock,1,12,"/public/product-images/hd-muscle/d3/main.webp,/public/product-images/hd-muscle/d3/gallery-01.webp",/public/product-images/hd-muscle/d3/main.webp,/public/product-images/hd-muscle/d3/gallery-01.webp,/public/product-images/hd-muscle/d3/label.webp,/public/product-images/hd-muscle/d3/nutrition.webp,", transparent labels, and clinically dosed formulas.View collectionBACK TO TOPReceive email updates on stuff you'll probably want to know about, including products, launches, and events. All hype, no spam - but you can always unsubscribe at anytime.SUBSCRIBEPRIVACY POLICYTERMS OF SERVICESHIPPING POLICYREFUND POLICYAMEXApple PayDiscoverG PayMastercardShopVISA( INR ₹ )© 2026 HD MUSCLE. All rights reserved.(self.__next_f=self.__next_f||[]).push([0]);self.__next_f.push([2,null])self.__next_f.push([1,""1:HL[\""/_next/static/css/52826a27443c8413.css\"",\""style\""]\n""])self.__next_f.push([1,""2:I[2846,[],\""\""]\n4:I[9107,[],\""ClientPageRoot\""]\n5:I[3360,[\""648\"",\""static/chunks/648-ac0aea44645a4dcc.js\"",\""34\"",\""static/chunks/34-6679f88d9f53b69d.js\"",\""287\"",\""static/chunks/app/products/%5Bhandle%5D/page-6d0701cc0bb76083.js\""],\""default\"",1]\n6:I[4707,[],\""\""]\n8:I[6423,[],\""\""]\n9:I[204,[\""185\"",\""static/chunks/app/layout-cdaba74c85f73abd.js\""],\""StoreProvider\""]\na:I[4721,[\""185\"",\""static/chunks",,,,"\"":\""column\"",\""alignItems\"":\""center\"",\""justifyContent\"":\""center\""},\""children\"":[\""$\"",\""div\"",null,{\""children\"":[[\""$\"",\""style\"",null,{\""dangerouslySetInnerHTML\"":{\""__html\"":\""body{color:#000;background:#fff;margin:0}.next-error-h1{border-right:1px solid rgba(0,0,0,.3)}@media (prefers-color-scheme:dark){body{color:#fff;background:#000}.next-error-h1{border-right:1px solid rgba(255,255,255,.3)}}\""}}],[\""$\"",\""h1\"",null,{\""className\"":\""next-error-h1\"",\""style\"":{\""display\"":\""inline-block\"",\""margin\"":\""0 20px 0 0\"",\""padding\"":\""0 23px 0 0\"",\""fontSize\"":24,\""fontWeight\"":500,\""verticalAlign\"":\""top\"",\""lineHeight\"":\""49px\""},\""children\"":\""404\""}],[\""$\"",\""div\"",null,{\""style\"":{\""display\"":\""inline-block\""},\""children\"":[\""$\"",\""h2\"",null,{\""style\"":{\""fontSize\"":14,\""fontWeight\"":400,\""lineHeight\"":\""49px\"",\""margin\"":0},\""children\"":\""This page could not be found.\""}]}]]}]}]],\""notFoundStyles\"":[]}]}]}]}]}]],null],null],\""couldBeIntercepted\"":false,\""initialHead\"":[null,\""$",,,,,India,,,,,,,,,,"Authentic products with batch-level verification, GST invoice, fast Pan-India delivery, and dedicated WhatsApp support.",,,,,hdmuscle.in,https://hdmuscle.in/products/d3/,"https://hdmuscle.in/vtsd3w7w-c70a7cdb0c62.png,https://hdmuscle.in/vtsd3w7w-177420c4554d.png",medium,yes,Auto-normalized. Review and refine.,2026-05-01T18:37:31.781Z,2026-05-01T18:37:31.781Z
HD Muscle,hd-muscle,Curcumin,curcumin,HEALTH + WELLNESS,,,,,,Curcumin,HD-MUSCLE-CURCUMIN,,2489,2489,0,0,0,INR,18,100,in_stock,1,12,"/public/product-images/hd-muscle/curcumin/main.webp,/public/product-images/hd-muscle/curcumin/gallery-01.webp",/public/product-images/hd-muscle/curcumin/main.webp,/public/product-images/hd-muscle/curcumin/gallery-01.webp,/public/product-images/hd-muscle/curcumin/label.webp,/public/product-images/hd-muscle/curcumin/nutrition.webp,", transparent labels, and clinically dosed formulas.View collectionBACK TO TOPReceive email updates on stuff you'll probably want to know about, including products, launches, and events. All hype, no spam - but you can always unsubscribe at anytime.SUBSCRIBEPRIVACY POLICYTERMS OF SERVICESHIPPING POLICYREFUND POLICYAMEXApple PayDiscoverG PayMastercardShopVISA( INR ₹ )© 2026 HD MUSCLE. All rights reserved.(self.__next_f=self.__next_f||[]).push([0]);self.__next_f.push([2,null])self.__next_f.push([1,""1:HL[\""/_next/static/css/52826a27443c8413.css\"",\""style\""]\n""])self.__next_f.push([1,""2:I[2846,[],\""\""]\n4:I[9107,[],\""ClientPageRoot\""]\n5:I[3360,[\""648\"",\""static/chunks/648-ac0aea44645a4dcc.js\"",\""34\"",\""static/chunks/34-6679f88d9f53b69d.js\"",\""287\"",\""static/chunks/app/products/%5Bhandle%5D/page-6d0701cc0bb76083.js\""],\""default\"",1]\n6:I[4707,[],\""\""]\n8:I[6423,[],\""\""]\n9:I[204,[\""185\"",\""static/chunks/app/layout-cdaba74c85f73abd.js\""],\""StoreProvider\""]\na:I[4721,[\""185\"",\""static/chunks",,,,"\"":\""column\"",\""alignItems\"":\""center\"",\""justifyContent\"":\""center\""},\""children\"":[\""$\"",\""div\"",null,{\""children\"":[[\""$\"",\""style\"",null,{\""dangerouslySetInnerHTML\"":{\""__html\"":\""body{color:#000;background:#fff;margin:0}.next-error-h1{border-right:1px solid rgba(0,0,0,.3)}@media (prefers-color-scheme:dark){body{color:#fff;background:#000}.next-error-h1{border-right:1px solid rgba(255,255,255,.3)}}\""}}],[\""$\"",\""h1\"",null,{\""className\"":\""next-error-h1\"",\""style\"":{\""display\"":\""inline-block\"",\""margin\"":\""0 20px 0 0\"",\""padding\"":\""0 23px 0 0\"",\""fontSize\"":24,\""fontWeight\"":500,\""verticalAlign\"":\""top\"",\""lineHeight\"":\""49px\""},\""children\"":\""404\""}],[\""$\"",\""div\"",null,{\""style\"":{\""display\"":\""inline-block\""},\""children\"":[\""$\"",\""h2\"",null,{\""style\"":{\""fontSize\"":14,\""fontWeight\"":400,\""lineHeight\"":\""49px\"",\""margin\"":0},\""children\"":\""This page could not be found.\""}]}]]}]}]],\""notFoundStyles\"":[]}]}]}]}]}]],null],null],\""couldBeIntercepted\"":false,\""initialHead\"":[null,\""$",,,,,India,,,,,,,,,,"Authentic products with batch-level verification, GST invoice, fast Pan-India delivery, and dedicated WhatsApp support.",,,,,hdmuscle.in,https://hdmuscle.in/products/curcumin/,"https://hdmuscle.in/curcumin-739f2f51adaa.png,https://hdmuscle.in/curcumin-513e23fdfecd.jpg",medium,yes,Auto-normalized. Review and refine.,2026-05-01T18:37:31.781Z,2026-05-01T18:37:31.781Z
HD Muscle,hd-muscle,CollagenHD,collagenhd,HEALTH + WELLNESS,,,,,,CollagenHD,HD-MUSCLE-COLLAGENHD,,3319,3319,0,0,0,INR,18,100,in_stock,1,12,"/public/product-images/hd-muscle/collagenhd/main.webp,/public/product-images/hd-muscle/collagenhd/gallery-01.webp",/public/product-images/hd-muscle/collagenhd/main.webp,/public/product-images/hd-muscle/collagenhd/gallery-01.webp,/public/product-images/hd-muscle/collagenhd/label.webp,/public/product-images/hd-muscle/collagenhd/nutrition.webp,", transparent labels, and clinically dosed formulas.View collectionBACK TO TOPReceive email updates on stuff you'll probably want to know about, including products, launches, and events. All hype, no spam - but you can always unsubscribe at anytime.SUBSCRIBEPRIVACY POLICYTERMS OF SERVICESHIPPING POLICYREFUND POLICYAMEXApple PayDiscoverG PayMastercardShopVISA( INR ₹ )© 2026 HD MUSCLE. All rights reserved.(self.__next_f=self.__next_f||[]).push([0]);self.__next_f.push([2,null])self.__next_f.push([1,""1:HL[\""/_next/static/css/52826a27443c8413.css\"",\""style\""]\n""])self.__next_f.push([1,""2:I[2846,[],\""\""]\n4:I[9107,[],\""ClientPageRoot\""]\n5:I[3360,[\""648\"",\""static/chunks/648-ac0aea44645a4dcc.js\"",\""34\"",\""static/chunks/34-6679f88d9f53b69d.js\"",\""287\"",\""static/chunks/app/products/%5Bhandle%5D/page-6d0701cc0bb76083.js\""],\""default\"",1]\n6:I[4707,[],\""\""]\n8:I[6423,[],\""\""]\n9:I[204,[\""185\"",\""static/chunks/app/layout-cdaba74c85f73abd.js\""],\""StoreProvider\""]\na:I[4721,[\""185\"",\""static/chunks",,,,"\"":\""column\"",\""alignItems\"":\""center\"",\""justifyContent\"":\""center\""},\""children\"":[\""$\"",\""div\"",null,{\""children\"":[[\""$\"",\""style\"",null,{\""dangerouslySetInnerHTML\"":{\""__html\"":\""body{color:#000;background:#fff;margin:0}.next-error-h1{border-right:1px solid rgba(0,0,0,.3)}@media (prefers-color-scheme:dark){body{color:#fff;background:#000}.next-error-h1{border-right:1px solid rgba(255,255,255,.3)}}\""}}],[\""$\"",\""h1\"",null,{\""className\"":\""next-error-h1\"",\""style\"":{\""display\"":\""inline-block\"",\""margin\"":\""0 20px 0 0\"",\""padding\"":\""0 23px 0 0\"",\""fontSize\"":24,\""fontWeight\"":500,\""verticalAlign\"":\""top\"",\""lineHeight\"":\""49px\""},\""children\"":\""404\""}],[\""$\"",\""div\"",null,{\""style\"":{\""display\"":\""inline-block\""},\""children\"":[\""$\"",\""h2\"",null,{\""style\"":{\""fontSize\"":14,\""fontWeight\"":400,\""lineHeight\"":\""49px\"",\""margin\"":0},\""children\"":\""This page could not be found.\""}]}]]}]}]],\""notFoundStyles\"":[]}]}]}]}]}]],null],null],\""couldBeIntercepted\"":false,\""initialHead\"":[null,\""$",,,,,India,,,,,,,,,,"Authentic products with batch-level verification, GST invoice, fast Pan-India delivery, and dedicated WhatsApp support.",,,,,hdmuscle.in,https://hdmuscle.in/products/collagenhd/,"https://hdmuscle.in/collagenhd_front_unflavored-us-6c934157a97a.jpg,https://hdmuscle.in/collagenhd-us-68d3b931edd0.jpg",medium,yes,Auto-normalized. Review and refine.,2026-05-01T18:37:31.781Z,2026-05-01T18:37:31.781Z
HD Muscle,hd-muscle,Citrus Bergamot,citrus-bergamot,HEALTH + WELLNESS,,,,,,Citrus Bergamot,HD-MUSCLE-CITRUS-BERGAMOT,,2323,2323,0,0,0,INR,18,100,in_stock,1,12,/public/product-images/hd-muscle/citrus-bergamot/main.webp,/public/product-images/hd-muscle/citrus-bergamot/main.webp,,/public/product-images/hd-muscle/citrus-bergamot/label.webp,/public/product-images/hd-muscle/citrus-bergamot/nutrition.webp,", transparent labels, and clinically dosed formulas.View collectionBACK TO TOPReceive email updates on stuff you'll probably want to know about, including products, launches, and events. All hype, no spam - but you can always unsubscribe at anytime.SUBSCRIBEPRIVACY POLICYTERMS OF SERVICESHIPPING POLICYREFUND POLICYAMEXApple PayDiscoverG PayMastercardShopVISA( INR ₹ )© 2026 HD MUSCLE. All rights reserved.(self.__next_f=self.__next_f||[]).push([0]);self.__next_f.push([2,null])self.__next_f.push([1,""1:HL[\""/_next/static/css/52826a27443c8413.css\"",\""style\""]\n""])self.__next_f.push([1,""2:I[2846,[],\""\""]\n4:I[9107,[],\""ClientPageRoot\""]\n5:I[3360,[\""648\"",\""static/chunks/648-ac0aea44645a4dcc.js\"",\""34\"",\""static/chunks/34-6679f88d9f53b69d.js\"",\""287\"",\""static/chunks/app/products/%5Bhandle%5D/page-6d0701cc0bb76083.js\""],\""default\"",1]\n6:I[4707,[],\""\""]\n8:I[6423,[],\""\""]\n9:I[204,[\""185\"",\""static/chunks/app/layout-cdaba74c85f73abd.js\""],\""StoreProvider\""]\na:I[4721,[\""185\"",\""static/chunks",,,,"\"":\""column\"",\""alignItems\"":\""center\"",\""justifyContent\"":\""center\""},\""children\"":[\""$\"",\""div\"",null,{\""children\"":[[\""$\"",\""style\"",null,{\""dangerouslySetInnerHTML\"":{\""__html\"":\""body{color:#000;background:#fff;margin:0}.next-error-h1{border-right:1px solid rgba(0,0,0,.3)}@media (prefers-color-scheme:dark){body{color:#fff;background:#000}.next-error-h1{border-right:1px solid rgba(255,255,255,.3)}}\""}}],[\""$\"",\""h1\"",null,{\""className\"":\""next-error-h1\"",\""style\"":{\""display\"":\""inline-block\"",\""margin\"":\""0 20px 0 0\"",\""padding\"":\""0 23px 0 0\"",\""fontSize\"":24,\""fontWeight\"":500,\""verticalAlign\"":\""top\"",\""lineHeight\"":\""49px\""},\""children\"":\""404\""}],[\""$\"",\""div\"",null,{\""style\"":{\""display\"":\""inline-block\""},\""children\"":[\""$\"",\""h2\"",null,{\""style\"":{\""fontSize\"":14,\""fontWeight\"":400,\""lineHeight\"":\""49px\"",\""margin\"":0},\""children\"":\""This page could not be found.\""}]}]]}]}]],\""notFoundStyles\"":[]}]}]}]}]}]],null],null],\""couldBeIntercepted\"":false,\""initialHead\"":[null,\""$",,,,,India,,,,,,,,,,"Authentic products with batch-level verification, GST invoice, fast Pan-India delivery, and dedicated WhatsApp support.",,,,,hdmuscle.in,https://hdmuscle.in/products/citrus-bergamot/,https://hdmuscle.in/citrusbergl-0fd1bea4415d.jpg,medium,yes,Auto-normalized. Review and refine.,2026-05-01T18:37:31.781Z,2026-05-01T18:37:31.781Z
HD Muscle,hd-muscle,BurnHD,burnhd,HEALTH + WELLNESS,,,,,,BurnHD,HD-MUSCLE-BURNHD,,3485,3485,0,0,0,INR,18,100,in_stock,1,12,"/public/product-images/hd-muscle/burnhd/main.webp,/public/product-images/hd-muscle/burnhd/gallery-01.webp",/public/product-images/hd-muscle/burnhd/main.webp,/public/product-images/hd-muscle/burnhd/gallery-01.webp,/public/product-images/hd-muscle/burnhd/label.webp,/public/product-images/hd-muscle/burnhd/nutrition.webp,", transparent labels, and clinically dosed formulas.View collectionBACK TO TOPReceive email updates on stuff you'll probably want to know about, including products, launches, and events. All hype, no spam - but you can always unsubscribe at anytime.SUBSCRIBEPRIVACY POLICYTERMS OF SERVICESHIPPING POLICYREFUND POLICYAMEXApple PayDiscoverG PayMastercardShopVISA( INR ₹ )© 2026 HD MUSCLE. All rights reserved.(self.__next_f=self.__next_f||[]).push([0]);self.__next_f.push([2,null])self.__next_f.push([1,""1:HL[\""/_next/static/css/52826a27443c8413.css\"",\""style\""]\n""])self.__next_f.push([1,""2:I[2846,[],\""\""]\n4:I[9107,[],\""ClientPageRoot\""]\n5:I[3360,[\""648\"",\""static/chunks/648-ac0aea44645a4dcc.js\"",\""34\"",\""static/chunks/34-6679f88d9f53b69d.js\"",\""287\"",\""static/chunks/app/products/%5Bhandle%5D/page-6d0701cc0bb76083.js\""],\""default\"",1]\n6:I[4707,[],\""\""]\n8:I[6423,[],\""\""]\n9:I[204,[\""185\"",\""static/chunks/app/layout-cdaba74c85f73abd.js\""],\""StoreProvider\""]\na:I[4721,[\""185\"",\""static/chunks",,,,"\"":\""column\"",\""alignItems\"":\""center\"",\""justifyContent\"":\""center\""},\""children\"":[\""$\"",\""div\"",null,{\""children\"":[[\""$\"",\""style\"",null,{\""dangerouslySetInnerHTML\"":{\""__html\"":\""body{color:#000;background:#fff;margin:0}.next-error-h1{border-right:1px solid rgba(0,0,0,.3)}@media (prefers-color-scheme:dark){body{color:#fff;background:#000}.next-error-h1{border-right:1px solid rgba(255,255,255,.3)}}\""}}],[\""$\"",\""h1\"",null,{\""className\"":\""next-error-h1\"",\""style\"":{\""display\"":\""inline-block\"",\""margin\"":\""0 20px 0 0\"",\""padding\"":\""0 23px 0 0\"",\""fontSize\"":24,\""fontWeight\"":500,\""verticalAlign\"":\""top\"",\""lineHeight\"":\""49px\""},\""children\"":\""404\""}],[\""$\"",\""div\"",null,{\""style\"":{\""display\"":\""inline-block\""},\""children\"":[\""$\"",\""h2\"",null,{\""style\"":{\""fontSize\"":14,\""fontWeight\"":400,\""lineHeight\"":\""49px\"",\""margin\"":0},\""children\"":\""This page could not be found.\""}]}]]}]}]],\""notFoundStyles\"":[]}]}]}]}]}]],null],null],\""couldBeIntercepted\"":false,\""initialHead\"":[null,\""$",,,,,India,,,,,,,,,,"Authentic products with batch-level verification, GST invoice, fast Pan-India delivery, and dedicated WhatsApp support.",,,,,hdmuscle.in,https://hdmuscle.in/products/burnhd/,"https://hdmuscle.in/burnhd_front-b81b8d88cde6.png,https://hdmuscle.in/burn_sfp-2b2a131f0140.jpg",medium,yes,Auto-normalized. Review and refine.,2026-05-01T18:37:31.781Z,2026-05-01T18:37:31.781Z
HD Muscle,hd-muscle,Betaine HCL,betaine-hcl,HEALTH + WELLNESS,,,,,,Betaine HCL,HD-MUSCLE-BETAINE-HCL,,1991,1991,0,0,0,INR,18,100,in_stock,1,12,"/public/product-images/hd-muscle/betaine-hcl/main.webp,/public/product-images/hd-muscle/betaine-hcl/gallery-01.webp",/public/product-images/hd-muscle/betaine-hcl/main.webp,/public/product-images/hd-muscle/betaine-hcl/gallery-01.webp,/public/product-images/hd-muscle/betaine-hcl/label.webp,/public/product-images/hd-muscle/betaine-hcl/nutrition.webp,", transparent labels, and clinically dosed formulas.View collectionBACK TO TOPReceive email updates on stuff you'll probably want to know about, including products, launches, and events. All hype, no spam - but you can always unsubscribe at anytime.SUBSCRIBEPRIVACY POLICYTERMS OF SERVICESHIPPING POLICYREFUND POLICYAMEXApple PayDiscoverG PayMastercardShopVISA( INR ₹ )© 2026 HD MUSCLE. All rights reserved.(self.__next_f=self.__next_f||[]).push([0]);self.__next_f.push([2,null])self.__next_f.push([1,""1:HL[\""/_next/static/css/52826a27443c8413.css\"",\""style\""]\n""])self.__next_f.push([1,""2:I[2846,[],\""\""]\n4:I[9107,[],\""ClientPageRoot\""]\n5:I[3360,[\""648\"",\""static/chunks/648-ac0aea44645a4dcc.js\"",\""34\"",\""static/chunks/34-6679f88d9f53b69d.js\"",\""287\"",\""static/chunks/app/products/%5Bhandle%5D/page-6d0701cc0bb76083.js\""],\""default\"",1]\n6:I[4707,[],\""\""]\n8:I[6423,[],\""\""]\n9:I[204,[\""185\"",\""static/chunks/app/layout-cdaba74c85f73abd.js\""],\""StoreProvider\""]\na:I[4721,[\""185\"",\""static/chunks",,,,"\"":\""column\"",\""alignItems\"":\""center\"",\""justifyContent\"":\""center\""},\""children\"":[\""$\"",\""div\"",null,{\""children\"":[[\""$\"",\""style\"",null,{\""dangerouslySetInnerHTML\"":{\""__html\"":\""body{color:#000;background:#fff;margin:0}.next-error-h1{border-right:1px solid rgba(0,0,0,.3)}@media (prefers-color-scheme:dark){body{color:#fff;background:#000}.next-error-h1{border-right:1px solid rgba(255,255,255,.3)}}\""}}],[\""$\"",\""h1\"",null,{\""className\"":\""next-error-h1\"",\""style\"":{\""display\"":\""inline-block\"",\""margin\"":\""0 20px 0 0\"",\""padding\"":\""0 23px 0 0\"",\""fontSize\"":24,\""fontWeight\"":500,\""verticalAlign\"":\""top\"",\""lineHeight\"":\""49px\""},\""children\"":\""404\""}],[\""$\"",\""div\"",null,{\""style\"":{\""display\"":\""inline-block\""},\""children\"":[\""$\"",\""h2\"",null,{\""style\"":{\""fontSize\"":14,\""fontWeight\"":400,\""lineHeight\"":\""49px\"",\""margin\"":0},\""children\"":\""This page could not be found.\""}]}]]}]}]],\""notFoundStyles\"":[]}]}]}]}]}]],null],null],\""couldBeIntercepted\"":false,\""initialHead\"":[null,\""$",,,,,India,,,,,,,,,,"Authentic products with batch-level verification, GST invoice, fast Pan-India delivery, and dedicated WhatsApp support.",,,,,hdmuscle.in,https://hdmuscle.in/products/betainehcl/,"https://hdmuscle.in/betainehcl-29d09122d0b9.png,https://hdmuscle.in/betainehcl-c25cd918e354.jpg",medium,yes,Auto-normalized. Review and refine.,2026-05-01T18:37:31.781Z,2026-05-01T18:37:31.781Z
HD Muscle,hd-muscle,PreHD Essential,prehd-essential,PRE-WORKOUT,,,,Blue Raspberry,,Blue Raspberry,HD-MUSCLE-PREHD-ESSENTIAL-BLUE-RASPBERRY,,2489,2489,0,0,0,INR,18,100,in_stock,1,12,"/public/product-images/hd-muscle/prehd-essential/main.webp,/public/product-images/hd-muscle/prehd-essential/gallery-01.webp",/public/product-images/hd-muscle/prehd-essential/main.webp,/public/product-images/hd-muscle/prehd-essential/gallery-01.webp,/public/product-images/hd-muscle/prehd-essential/label.webp,/public/product-images/hd-muscle/prehd-essential/nutrition.webp,", transparent labels, and clinically dosed formulas.View collectionBACK TO TOPReceive email updates on stuff you'll probably want to know about, including products, launches, and events. All hype, no spam - but you can always unsubscribe at anytime.SUBSCRIBEPRIVACY POLICYTERMS OF SERVICESHIPPING POLICYREFUND POLICYAMEXApple PayDiscoverG PayMastercardShopVISA( INR ₹ )© 2026 HD MUSCLE. All rights reserved.(self.__next_f=self.__next_f||[]).push([0]);self.__next_f.push([2,null])self.__next_f.push([1,""1:HL[\""/_next/static/css/52826a27443c8413.css\"",\""style\""]\n""])self.__next_f.push([1,""2:I[2846,[],\""\""]\n4:I[9107,[],\""ClientPageRoot\""]\n5:I[3360,[\""648\"",\""static/chunks/648-ac0aea44645a4dcc.js\"",\""34\"",\""static/chunks/34-6679f88d9f53b69d.js\"",\""287\"",\""static/chunks/app/products/%5Bhandle%5D/page-6d0701cc0bb76083.js\""],\""default\"",1]\n6:I[4707,[],\""\""]\n8:I[6423,[],\""\""]\n9:I[204,[\""185\"",\""static/chunks/app/layout-cdaba74c85f73abd.js\""],\""StoreProvider\""]\na:I[4721,[\""185\"",\""static/chunks",,,,"\"":\""column\"",\""alignItems\"":\""center\"",\""justifyContent\"":\""center\""},\""children\"":[\""$\"",\""div\"",null,{\""children\"":[[\""$\"",\""style\"",null,{\""dangerouslySetInnerHTML\"":{\""__html\"":\""body{color:#000;background:#fff;margin:0}.next-error-h1{border-right:1px solid rgba(0,0,0,.3)}@media (prefers-color-scheme:dark){body{color:#fff;background:#000}.next-error-h1{border-right:1px solid rgba(255,255,255,.3)}}\""}}],[\""$\"",\""h1\"",null,{\""className\"":\""next-error-h1\"",\""style\"":{\""display\"":\""inline-block\"",\""margin\"":\""0 20px 0 0\"",\""padding\"":\""0 23px 0 0\"",\""fontSize\"":24,\""fontWeight\"":500,\""verticalAlign\"":\""top\"",\""lineHeight\"":\""49px\""},\""children\"":\""404\""}],[\""$\"",\""div\"",null,{\""style\"":{\""display\"":\""inline-block\""},\""children\"":[\""$\"",\""h2\"",null,{\""style\"":{\""fontSize\"":14,\""fontWeight\"":400,\""lineHeight\"":\""49px\"",\""margin\"":0},\""children\"":\""This page could not be found.\""}]}]]}]}]],\""notFoundStyles\"":[]}]}]}]}]}]],null],null],\""couldBeIntercepted\"":false,\""initialHead\"":[null,\""$",,,,,India,,,,,,,,,,"Authentic products with batch-level verification, GST invoice, fast Pan-India delivery, and dedicated WhatsApp support.",,,,,hdmuscle.in,https://hdmuscle.in/products/prehd-essential/,"https://hdmuscle.in/prehd-essential-blue-rasberry-eb39ae9ce7f5.png,https://hdmuscle.in/prehd-essential-suppfacts-blue-raspberry_us-051572b1552e.png",medium,yes,Auto-normalized. Review and refine.,2026-05-01T18:37:31.781Z,2026-05-01T18:37:31.781Z
HD Muscle,hd-muscle,Euphoria,euphoria,PRE-WORKOUT,,,,,,Euphoria,HD-MUSCLE-EUPHORIA,,3319,3319,0,0,0,INR,18,100,in_stock,1,12,/public/product-images/hd-muscle/euphoria/main.webp,/public/product-images/hd-muscle/euphoria/main.webp,,/public/product-images/hd-muscle/euphoria/label.webp,/public/product-images/hd-muscle/euphoria/nutrition.webp,", transparent labels, and clinically dosed formulas.View collectionBACK TO TOPReceive email updates on stuff you'll probably want to know about, including products, launches, and events. All hype, no spam - but you can always unsubscribe at anytime.SUBSCRIBEPRIVACY POLICYTERMS OF SERVICESHIPPING POLICYREFUND POLICYAMEXApple PayDiscoverG PayMastercardShopVISA( INR ₹ )© 2026 HD MUSCLE. All rights reserved.(self.__next_f=self.__next_f||[]).push([0]);self.__next_f.push([2,null])self.__next_f.push([1,""1:HL[\""/_next/static/css/52826a27443c8413.css\"",\""style\""]\n""])self.__next_f.push([1,""2:I[2846,[],\""\""]\n4:I[9107,[],\""ClientPageRoot\""]\n5:I[3360,[\""648\"",\""static/chunks/648-ac0aea44645a4dcc.js\"",\""34\"",\""static/chunks/34-6679f88d9f53b69d.js\"",\""287\"",\""static/chunks/app/products/%5Bhandle%5D/page-6d0701cc0bb76083.js\""],\""default\"",1]\n6:I[4707,[],\""\""]\n8:I[6423,[],\""\""]\n9:I[204,[\""185\"",\""static/chunks/app/layout-cdaba74c85f73abd.js\""],\""StoreProvider\""]\na:I[4721,[\""185\"",\""static/chunks",,,,"\"":\""column\"",\""alignItems\"":\""center\"",\""justifyContent\"":\""center\""},\""children\"":[\""$\"",\""div\"",null,{\""children\"":[[\""$\"",\""style\"",null,{\""dangerouslySetInnerHTML\"":{\""__html\"":\""body{color:#000;background:#fff;margin:0}.next-error-h1{border-right:1px solid rgba(0,0,0,.3)}@media (prefers-color-scheme:dark){body{color:#fff;background:#000}.next-error-h1{border-right:1px solid rgba(255,255,255,.3)}}\""}}],[\""$\"",\""h1\"",null,{\""className\"":\""next-error-h1\"",\""style\"":{\""display\"":\""inline-block\"",\""margin\"":\""0 20px 0 0\"",\""padding\"":\""0 23px 0 0\"",\""fontSize\"":24,\""fontWeight\"":500,\""verticalAlign\"":\""top\"",\""lineHeight\"":\""49px\""},\""children\"":\""404\""}],[\""$\"",\""div\"",null,{\""style\"":{\""display\"":\""inline-block\""},\""children\"":[\""$\"",\""h2\"",null,{\""style\"":{\""fontSize\"":14,\""fontWeight\"":400,\""lineHeight\"":\""49px\"",\""margin\"":0},\""children\"":\""This page could not be found.\""}]}]]}]}]],\""notFoundStyles\"":[]}]}]}]}]}]],null],null],\""couldBeIntercepted\"":false,\""initialHead\"":[null,\""$",,,,,India,,,,,,,,,,"Authentic products with batch-level verification, GST invoice, fast Pan-India delivery, and dedicated WhatsApp support.",,,,,hdmuscle.in,https://hdmuscle.in/products/euphoria/,https://hdmuscle.in/assets/hero-bg.jpg,medium,yes,Auto-normalized. Review and refine.,2026-05-01T18:37:31.781Z,2026-05-01T18:37:31.781Z
HD Muscle,hd-muscle,StimHD,stimhd,PRE-WORKOUT,,,,,,StimHD,HD-MUSCLE-STIMHD,,1493,1493,0,0,0,INR,18,100,in_stock,1,12,"/public/product-images/hd-muscle/stimhd/main.webp,/public/product-images/hd-muscle/stimhd/gallery-01.webp",/public/product-images/hd-muscle/stimhd/main.webp,/public/product-images/hd-muscle/stimhd/gallery-01.webp,/public/product-images/hd-muscle/stimhd/label.webp,/public/product-images/hd-muscle/stimhd/nutrition.webp,", transparent labels, and clinically dosed formulas.View collectionBACK TO TOPReceive email updates on stuff you'll probably want to know about, including products, launches, and events. All hype, no spam - but you can always unsubscribe at anytime.SUBSCRIBEPRIVACY POLICYTERMS OF SERVICESHIPPING POLICYREFUND POLICYAMEXApple PayDiscoverG PayMastercardShopVISA( INR ₹ )© 2026 HD MUSCLE. All rights reserved.(self.__next_f=self.__next_f||[]).push([0]);self.__next_f.push([2,null])self.__next_f.push([1,""1:HL[\""/_next/static/css/52826a27443c8413.css\"",\""style\""]\n""])self.__next_f.push([1,""2:I[2846,[],\""\""]\n4:I[9107,[],\""ClientPageRoot\""]\n5:I[3360,[\""648\"",\""static/chunks/648-ac0aea44645a4dcc.js\"",\""34\"",\""static/chunks/34-6679f88d9f53b69d.js\"",\""287\"",\""static/chunks/app/products/%5Bhandle%5D/page-6d0701cc0bb76083.js\""],\""default\"",1]\n6:I[4707,[],\""\""]\n8:I[6423,[],\""\""]\n9:I[204,[\""185\"",\""static/chunks/app/layout-cdaba74c85f73abd.js\""],\""StoreProvider\""]\na:I[4721,[\""185\"",\""static/chunks",,,,"\"":\""column\"",\""alignItems\"":\""center\"",\""justifyContent\"":\""center\""},\""children\"":[\""$\"",\""div\"",null,{\""children\"":[[\""$\"",\""style\"",null,{\""dangerouslySetInnerHTML\"":{\""__html\"":\""body{color:#000;background:#fff;margin:0}.next-error-h1{border-right:1px solid rgba(0,0,0,.3)}@media (prefers-color-scheme:dark){body{color:#fff;background:#000}.next-error-h1{border-right:1px solid rgba(255,255,255,.3)}}\""}}],[\""$\"",\""h1\"",null,{\""className\"":\""next-error-h1\"",\""style\"":{\""display\"":\""inline-block\"",\""margin\"":\""0 20px 0 0\"",\""padding\"":\""0 23px 0 0\"",\""fontSize\"":24,\""fontWeight\"":500,\""verticalAlign\"":\""top\"",\""lineHeight\"":\""49px\""},\""children\"":\""404\""}],[\""$\"",\""div\"",null,{\""style\"":{\""display\"":\""inline-block\""},\""children\"":[\""$\"",\""h2\"",null,{\""style\"":{\""fontSize\"":14,\""fontWeight\"":400,\""lineHeight\"":\""49px\"",\""margin\"":0},\""children\"":\""This page could not be found.\""}]}]]}]}]],\""notFoundStyles\"":[]}]}]}]}]}]],null],null],\""couldBeIntercepted\"":false,\""initialHead\"":[null,\""$",,,,,India,,,,,,,,,,"Authentic products with batch-level verification, GST invoice, fast Pan-India delivery, and dedicated WhatsApp support.",,,,,hdmuscle.in,https://hdmuscle.in/products/stimhd/,"https://hdmuscle.in/stimhd_9d7400de-4473-4af8-bd68-902c6689781d-fdd59a2755d1.png,https://hdmuscle.in/stimhd-supp-facts-0d5d1ec4e693.png",medium,yes,Auto-normalized. Review and refine.,2026-05-01T18:37:31.781Z,2026-05-01T18:37:31.781Z
HD Muscle,hd-muscle,PumpHD,pumphd,PRE-WORKOUT,,,,Rainbow Strips,,Rainbow Strips,HD-MUSCLE-PUMPHD-RAINBOW-STRIPS,,4315,4315,0,0,0,INR,18,100,in_stock,1,12,"/public/product-images/hd-muscle/pumphd/main.webp,/public/product-images/hd-muscle/pumphd/gallery-01.webp",/public/product-images/hd-muscle/pumphd/main.webp,/public/product-images/hd-muscle/pumphd/gallery-01.webp,/public/product-images/hd-muscle/pumphd/label.webp,/public/product-images/hd-muscle/pumphd/nutrition.webp,", transparent labels, and clinically dosed formulas.View collectionBACK TO TOPReceive email updates on stuff you'll probably want to know about, including products, launches, and events. All hype, no spam - but you can always unsubscribe at anytime.SUBSCRIBEPRIVACY POLICYTERMS OF SERVICESHIPPING POLICYREFUND POLICYAMEXApple PayDiscoverG PayMastercardShopVISA( INR ₹ )© 2026 HD MUSCLE. All rights reserved.(self.__next_f=self.__next_f||[]).push([0]);self.__next_f.push([2,null])self.__next_f.push([1,""1:HL[\""/_next/static/css/52826a27443c8413.css\"",\""style\""]\n""])self.__next_f.push([1,""2:I[2846,[],\""\""]\n4:I[9107,[],\""ClientPageRoot\""]\n5:I[3360,[\""648\"",\""static/chunks/648-ac0aea44645a4dcc.js\"",\""34\"",\""static/chunks/34-6679f88d9f53b69d.js\"",\""287\"",\""static/chunks/app/products/%5Bhandle%5D/page-6d0701cc0bb76083.js\""],\""default\"",1]\n6:I[4707,[],\""\""]\n8:I[6423,[],\""\""]\n9:I[204,[\""185\"",\""static/chunks/app/layout-cdaba74c85f73abd.js\""],\""StoreProvider\""]\na:I[4721,[\""185\"",\""static/chunks",,,,"\"":\""column\"",\""alignItems\"":\""center\"",\""justifyContent\"":\""center\""},\""children\"":[\""$\"",\""div\"",null,{\""children\"":[[\""$\"",\""style\"",null,{\""dangerouslySetInnerHTML\"":{\""__html\"":\""body{color:#000;background:#fff;margin:0}.next-error-h1{border-right:1px solid rgba(0,0,0,.3)}@media (prefers-color-scheme:dark){body{color:#fff;background:#000}.next-error-h1{border-right:1px solid rgba(255,255,255,.3)}}\""}}],[\""$\"",\""h1\"",null,{\""className\"":\""next-error-h1\"",\""style\"":{\""display\"":\""inline-block\"",\""margin\"":\""0 20px 0 0\"",\""padding\"":\""0 23px 0 0\"",\""fontSize\"":24,\""fontWeight\"":500,\""verticalAlign\"":\""top\"",\""lineHeight\"":\""49px\""},\""children\"":\""404\""}],[\""$\"",\""div\"",null,{\""style\"":{\""display\"":\""inline-block\""},\""children\"":[\""$\"",\""h2\"",null,{\""style\"":{\""fontSize\"":14,\""fontWeight\"":400,\""lineHeight\"":\""49px\"",\""margin\"":0},\""children\"":\""This page could not be found.\""}]}]]}]}]],\""notFoundStyles\"":[]}]}]}]}]}]],null],null],\""couldBeIntercepted\"":false,\""initialHead\"":[null,\""$",,,,,India,,,,,,,,,,"Authentic products with batch-level verification, GST invoice, fast Pan-India delivery, and dedicated WhatsApp support.",,,,,hdmuscle.in,https://hdmuscle.in/products/pumphd/,"https://hdmuscle.in/pumphd-rainbow-strips-ead9f7c7e482.png,https://hdmuscle.in/pumphd-supp-facts-rainbow-strips-9cae0df1b395.png",medium,yes,Auto-normalized. Review and refine.,2026-05-01T18:37:31.781Z,2026-05-01T18:37:31.781Z
HD Muscle,hd-muscle,PreHD Black,prehd-black,PRE-WORKOUT,,,,Strawberry Mango,,Strawberry Mango,HD-MUSCLE-PREHD-BLACK-STRAWBERRY-MANGO,,4979,4979,0,0,0,INR,18,100,in_stock,1,12,"/public/product-images/hd-muscle/prehd-black/main.webp,/public/product-images/hd-muscle/prehd-black/gallery-01.webp",/public/product-images/hd-muscle/prehd-black/main.webp,/public/product-images/hd-muscle/prehd-black/gallery-01.webp,/public/product-images/hd-muscle/prehd-black/label.webp,/public/product-images/hd-muscle/prehd-black/nutrition.webp,", transparent labels, and clinically dosed formulas.View collectionBACK TO TOPReceive email updates on stuff you'll probably want to know about, including products, launches, and events. All hype, no spam - but you can always unsubscribe at anytime.SUBSCRIBEPRIVACY POLICYTERMS OF SERVICESHIPPING POLICYREFUND POLICYAMEXApple PayDiscoverG PayMastercardShopVISA( INR ₹ )© 2026 HD MUSCLE. All rights reserved.(self.__next_f=self.__next_f||[]).push([0]);self.__next_f.push([2,null])self.__next_f.push([1,""1:HL[\""/_next/static/css/52826a27443c8413.css\"",\""style\""]\n""])self.__next_f.push([1,""2:I[2846,[],\""\""]\n4:I[9107,[],\""ClientPageRoot\""]\n5:I[3360,[\""648\"",\""static/chunks/648-ac0aea44645a4dcc.js\"",\""34\"",\""static/chunks/34-6679f88d9f53b69d.js\"",\""287\"",\""static/chunks/app/products/%5Bhandle%5D/page-6d0701cc0bb76083.js\""],\""default\"",1]\n6:I[4707,[],\""\""]\n8:I[6423,[],\""\""]\n9:I[204,[\""185\"",\""static/chunks/app/layout-cdaba74c85f73abd.js\""],\""StoreProvider\""]\na:I[4721,[\""185\"",\""static/chunks",,,,"\"":\""column\"",\""alignItems\"":\""center\"",\""justifyContent\"":\""center\""},\""children\"":[\""$\"",\""div\"",null,{\""children\"":[[\""$\"",\""style\"",null,{\""dangerouslySetInnerHTML\"":{\""__html\"":\""body{color:#000;background:#fff;margin:0}.next-error-h1{border-right:1px solid rgba(0,0,0,.3)}@media (prefers-color-scheme:dark){body{color:#fff;background:#000}.next-error-h1{border-right:1px solid rgba(255,255,255,.3)}}\""}}],[\""$\"",\""h1\"",null,{\""className\"":\""next-error-h1\"",\""style\"":{\""display\"":\""inline-block\"",\""margin\"":\""0 20px 0 0\"",\""padding\"":\""0 23px 0 0\"",\""fontSize\"":24,\""fontWeight\"":500,\""verticalAlign\"":\""top\"",\""lineHeight\"":\""49px\""},\""children\"":\""404\""}],[\""$\"",\""div\"",null,{\""style\"":{\""display\"":\""inline-block\""},\""children\"":[\""$\"",\""h2\"",null,{\""style\"":{\""fontSize\"":14,\""fontWeight\"":400,\""lineHeight\"":\""49px\"",\""margin\"":0},\""children\"":\""This page could not be found.\""}]}]]}]}]],\""notFoundStyles\"":[]}]}]}]}]}]],null],null],\""couldBeIntercepted\"":false,\""initialHead\"":[null,\""$",,,,,India,,,,,,,,,,"Authentic products with batch-level verification, GST invoice, fast Pan-India delivery, and dedicated WhatsApp support.",,,,,hdmuscle.in,https://hdmuscle.in/products/prehd-black/,"https://hdmuscle.in/products/prehd-black/StrawMango.png,https://hdmuscle.in/products/prehd-black/Black_StrawMango.jpg",medium,yes,Auto-normalized. Review and refine.,2026-05-01T18:37:31.781Z,2026-05-01T18:37:31.781Z
HD Muscle,hd-muscle,PreHD Elite,prehd-elite,PRE-WORKOUT,,,,Tangerine,,Tangerine,HD-MUSCLE-PREHD-ELITE-TANGERINE,,4481,4481,0,0,0,INR,18,100,in_stock,1,12,"/public/product-images/hd-muscle/prehd-elite/main.webp,/public/product-images/hd-muscle/prehd-elite/gallery-01.webp",/public/product-images/hd-muscle/prehd-elite/main.webp,/public/product-images/hd-muscle/prehd-elite/gallery-01.webp,/public/product-images/hd-muscle/prehd-elite/label.webp,/public/product-images/hd-muscle/prehd-elite/nutrition.webp,", transparent labels, and clinically dosed formulas.View collectionBACK TO TOPReceive email updates on stuff you'll probably want to know about, including products, launches, and events. All hype, no spam - but you can always unsubscribe at anytime.SUBSCRIBEPRIVACY POLICYTERMS OF SERVICESHIPPING POLICYREFUND POLICYAMEXApple PayDiscoverG PayMastercardShopVISA( INR ₹ )© 2026 HD MUSCLE. All rights reserved.(self.__next_f=self.__next_f||[]).push([0]);self.__next_f.push([2,null])self.__next_f.push([1,""1:HL[\""/_next/static/css/52826a27443c8413.css\"",\""style\""]\n""])self.__next_f.push([1,""2:I[2846,[],\""\""]\n4:I[9107,[],\""ClientPageRoot\""]\n5:I[3360,[\""648\"",\""static/chunks/648-ac0aea44645a4dcc.js\"",\""34\"",\""static/chunks/34-6679f88d9f53b69d.js\"",\""287\"",\""static/chunks/app/products/%5Bhandle%5D/page-6d0701cc0bb76083.js\""],\""default\"",1]\n6:I[4707,[],\""\""]\n8:I[6423,[],\""\""]\n9:I[204,[\""185\"",\""static/chunks/app/layout-cdaba74c85f73abd.js\""],\""StoreProvider\""]\na:I[4721,[\""185\"",\""static/chunks",,,,"\"":\""column\"",\""alignItems\"":\""center\"",\""justifyContent\"":\""center\""},\""children\"":[\""$\"",\""div\"",null,{\""children\"":[[\""$\"",\""style\"",null,{\""dangerouslySetInnerHTML\"":{\""__html\"":\""body{color:#000;background:#fff;margin:0}.next-error-h1{border-right:1px solid rgba(0,0,0,.3)}@media (prefers-color-scheme:dark){body{color:#fff;background:#000}.next-error-h1{border-right:1px solid rgba(255,255,255,.3)}}\""}}],[\""$\"",\""h1\"",null,{\""className\"":\""next-error-h1\"",\""style\"":{\""display\"":\""inline-block\"",\""margin\"":\""0 20px 0 0\"",\""padding\"":\""0 23px 0 0\"",\""fontSize\"":24,\""fontWeight\"":500,\""verticalAlign\"":\""top\"",\""lineHeight\"":\""49px\""},\""children\"":\""404\""}],[\""$\"",\""div\"",null,{\""style\"":{\""display\"":\""inline-block\""},\""children\"":[\""$\"",\""h2\"",null,{\""style\"":{\""fontSize\"":14,\""fontWeight\"":400,\""lineHeight\"":\""49px\"",\""margin\"":0},\""children\"":\""This page could not be found.\""}]}]]}]}]],\""notFoundStyles\"":[]}]}]}]}]}]],null],null],\""couldBeIntercepted\"":false,\""initialHead\"":[null,\""$",,,,,India,,,,,,,,,,"Authentic products with batch-level verification, GST invoice, fast Pan-India delivery, and dedicated WhatsApp support.",,,,,hdmuscle.in,https://hdmuscle.in/products/prehd-elite/,"https://hdmuscle.in/prehd-elite_tangerine-can-v2-15e1790f303a.jpg,https://hdmuscle.in/elite_pinklemon-b475a5ed9e0f.jpg",medium,yes,Auto-normalized. Review and refine.,2026-05-01T18:37:31.781Z,2026-05-01T18:37:31.781Z
HD Muscle,hd-muscle,PreHD Ultra,prehd-ultra,PRE-WORKOUT,,,,Sour Gummies,,Sour Gummies,HD-MUSCLE-PREHD-ULTRA-SOUR-GUMMIES,,3485,3485,0,0,0,INR,18,100,in_stock,1,12,"/public/product-images/hd-muscle/prehd-ultra/main.webp,/public/product-images/hd-muscle/prehd-ultra/gallery-01.webp",/public/product-images/hd-muscle/prehd-ultra/main.webp,/public/product-images/hd-muscle/prehd-ultra/gallery-01.webp,/public/product-images/hd-muscle/prehd-ultra/label.webp,/public/product-images/hd-muscle/prehd-ultra/nutrition.webp,", transparent labels, and clinically dosed formulas.View collectionBACK TO TOPReceive email updates on stuff you'll probably want to know about, including products, launches, and events. All hype, no spam - but you can always unsubscribe at anytime.SUBSCRIBEPRIVACY POLICYTERMS OF SERVICESHIPPING POLICYREFUND POLICYAMEXApple PayDiscoverG PayMastercardShopVISA( INR ₹ )© 2026 HD MUSCLE. All rights reserved.(self.__next_f=self.__next_f||[]).push([0]);self.__next_f.push([2,null])self.__next_f.push([1,""1:HL[\""/_next/static/css/52826a27443c8413.css\"",\""style\""]\n""])self.__next_f.push([1,""2:I[2846,[],\""\""]\n4:I[9107,[],\""ClientPageRoot\""]\n5:I[3360,[\""648\"",\""static/chunks/648-ac0aea44645a4dcc.js\"",\""34\"",\""static/chunks/34-6679f88d9f53b69d.js\"",\""287\"",\""static/chunks/app/products/%5Bhandle%5D/page-6d0701cc0bb76083.js\""],\""default\"",1]\n6:I[4707,[],\""\""]\n8:I[6423,[],\""\""]\n9:I[204,[\""185\"",\""static/chunks/app/layout-cdaba74c85f73abd.js\""],\""StoreProvider\""]\na:I[4721,[\""185\"",\""static/chunks",,,,"\"":\""column\"",\""alignItems\"":\""center\"",\""justifyContent\"":\""center\""},\""children\"":[\""$\"",\""div\"",null,{\""children\"":[[\""$\"",\""style\"",null,{\""dangerouslySetInnerHTML\"":{\""__html\"":\""body{color:#000;background:#fff;margin:0}.next-error-h1{border-right:1px solid rgba(0,0,0,.3)}@media (prefers-color-scheme:dark){body{color:#fff;background:#000}.next-error-h1{border-right:1px solid rgba(255,255,255,.3)}}\""}}],[\""$\"",\""h1\"",null,{\""className\"":\""next-error-h1\"",\""style\"":{\""display\"":\""inline-block\"",\""margin\"":\""0 20px 0 0\"",\""padding\"":\""0 23px 0 0\"",\""fontSize\"":24,\""fontWeight\"":500,\""verticalAlign\"":\""top\"",\""lineHeight\"":\""49px\""},\""children\"":\""404\""}],[\""$\"",\""div\"",null,{\""style\"":{\""display\"":\""inline-block\""},\""children\"":[\""$\"",\""h2\"",null,{\""style\"":{\""fontSize\"":14,\""fontWeight\"":400,\""lineHeight\"":\""49px\"",\""margin\"":0},\""children\"":\""This page could not be found.\""}]}]]}]}]],\""notFoundStyles\"":[]}]}]}]}]}]],null],null],\""couldBeIntercepted\"":false,\""initialHead\"":[null,\""$",,,,,India,,,,,,,,,,"Authentic products with batch-level verification, GST invoice, fast Pan-India delivery, and dedicated WhatsApp support.",,,,,hdmuscle.in,https://hdmuscle.in/products/prehd-ultra/,"https://hdmuscle.in/ultra_sourgummies-f20633a13a95.png,https://hdmuscle.in/ultra_sourgummies-7918db0b2cb4.jpg",medium,yes,Auto-normalized. Review and refine.,2026-05-01T18:37:31.781Z,2026-05-01T18:37:31.781Z
HD Muscle,hd-muscle,EAAs,eaas,INTRA-WORKOUT,,,,Unflavored,,Unflavored,HD-MUSCLE-EAAS-UNFLAVORED,,2821,2821,0,0,0,INR,18,100,in_stock,1,12,"/public/product-images/hd-muscle/eaas/main.webp,/public/product-images/hd-muscle/eaas/gallery-01.webp",/public/product-images/hd-muscle/eaas/main.webp,/public/product-images/hd-muscle/eaas/gallery-01.webp,/public/product-images/hd-muscle/eaas/label.webp,/public/product-images/hd-muscle/eaas/nutrition.webp,", transparent labels, and clinically dosed formulas.View collectionBACK TO TOPReceive email updates on stuff you'll probably want to know about, including products, launches, and events. All hype, no spam - but you can always unsubscribe at anytime.SUBSCRIBEPRIVACY POLICYTERMS OF SERVICESHIPPING POLICYREFUND POLICYAMEXApple PayDiscoverG PayMastercardShopVISA( INR ₹ )© 2026 HD MUSCLE. All rights reserved.(self.__next_f=self.__next_f||[]).push([0]);self.__next_f.push([2,null])self.__next_f.push([1,""1:HL[\""/_next/static/css/52826a27443c8413.css\"",\""style\""]\n""])self.__next_f.push([1,""2:I[2846,[],\""\""]\n4:I[9107,[],\""ClientPageRoot\""]\n5:I[3360,[\""648\"",\""static/chunks/648-ac0aea44645a4dcc.js\"",\""34\"",\""static/chunks/34-6679f88d9f53b69d.js\"",\""287\"",\""static/chunks/app/products/%5Bhandle%5D/page-6d0701cc0bb76083.js\""],\""default\"",1]\n6:I[4707,[],\""\""]\n8:I[6423,[],\""\""]\n9:I[204,[\""185\"",\""static/chunks/app/layout-cdaba74c85f73abd.js\""],\""StoreProvider\""]\na:I[4721,[\""185\"",\""static/chunks",,,,"\"":\""column\"",\""alignItems\"":\""center\"",\""justifyContent\"":\""center\""},\""children\"":[\""$\"",\""div\"",null,{\""children\"":[[\""$\"",\""style\"",null,{\""dangerouslySetInnerHTML\"":{\""__html\"":\""body{color:#000;background:#fff;margin:0}.next-error-h1{border-right:1px solid rgba(0,0,0,.3)}@media (prefers-color-scheme:dark){body{color:#fff;background:#000}.next-error-h1{border-right:1px solid rgba(255,255,255,.3)}}\""}}],[\""$\"",\""h1\"",null,{\""className\"":\""next-error-h1\"",\""style\"":{\""display\"":\""inline-block\"",\""margin\"":\""0 20px 0 0\"",\""padding\"":\""0 23px 0 0\"",\""fontSize\"":24,\""fontWeight\"":500,\""verticalAlign\"":\""top\"",\""lineHeight\"":\""49px\""},\""children\"":\""404\""}],[\""$\"",\""div\"",null,{\""style\"":{\""display\"":\""inline-block\""},\""children\"":[\""$\"",\""h2\"",null,{\""style\"":{\""fontSize\"":14,\""fontWeight\"":400,\""lineHeight\"":\""49px\"",\""margin\"":0},\""children\"":\""This page could not be found.\""}]}]]}]}]],\""notFoundStyles\"":[]}]}]}]}]}]],null],null],\""couldBeIntercepted\"":false,\""initialHead\"":[null,\""$",,,,,India,,,,,,,,,,"Authentic products with batch-level verification, GST invoice, fast Pan-India delivery, and dedicated WhatsApp support.",,,,,hdmuscle.in,https://hdmuscle.in/products/eaahd/,"https://hdmuscle.in/eaahd_front_unflavored-black-lid-b9e66b2a11b7.png,https://hdmuscle.in/eaahd-suppfacts-unflavored-cb0f0e128ba6.png",medium,yes,Auto-normalized. Review and refine.,2026-05-01T18:37:31.781Z,2026-05-01T18:37:31.781Z
HD Muscle,hd-muscle,BCAA,bcaa,INTRA-WORKOUT,,,,,,BCAA,HD-MUSCLE-BCAA,,2323,2323,0,0,0,INR,18,100,in_stock,1,12,/public/product-images/hd-muscle/bcaa/main.webp,/public/product-images/hd-muscle/bcaa/main.webp,,/public/product-images/hd-muscle/bcaa/label.webp,/public/product-images/hd-muscle/bcaa/nutrition.webp,", transparent labels, and clinically dosed formulas.View collectionBACK TO TOPReceive email updates on stuff you'll probably want to know about, including products, launches, and events. All hype, no spam - but you can always unsubscribe at anytime.SUBSCRIBEPRIVACY POLICYTERMS OF SERVICESHIPPING POLICYREFUND POLICYAMEXApple PayDiscoverG PayMastercardShopVISA( INR ₹ )© 2026 HD MUSCLE. All rights reserved.(self.__next_f=self.__next_f||[]).push([0]);self.__next_f.push([2,null])self.__next_f.push([1,""1:HL[\""/_next/static/css/52826a27443c8413.css\"",\""style\""]\n""])self.__next_f.push([1,""2:I[2846,[],\""\""]\n4:I[9107,[],\""ClientPageRoot\""]\n5:I[3360,[\""648\"",\""static/chunks/648-ac0aea44645a4dcc.js\"",\""34\"",\""static/chunks/34-6679f88d9f53b69d.js\"",\""287\"",\""static/chunks/app/products/%5Bhandle%5D/page-6d0701cc0bb76083.js\""],\""default\"",1]\n6:I[4707,[],\""\""]\n8:I[6423,[],\""\""]\n9:I[204,[\""185\"",\""static/chunks/app/layout-cdaba74c85f73abd.js\""],\""StoreProvider\""]\na:I[4721,[\""185\"",\""static/chunks",,,,"\"":\""column\"",\""alignItems\"":\""center\"",\""justifyContent\"":\""center\""},\""children\"":[\""$\"",\""div\"",null,{\""children\"":[[\""$\"",\""style\"",null,{\""dangerouslySetInnerHTML\"":{\""__html\"":\""body{color:#000;background:#fff;margin:0}.next-error-h1{border-right:1px solid rgba(0,0,0,.3)}@media (prefers-color-scheme:dark){body{color:#fff;background:#000}.next-error-h1{border-right:1px solid rgba(255,255,255,.3)}}\""}}],[\""$\"",\""h1\"",null,{\""className\"":\""next-error-h1\"",\""style\"":{\""display\"":\""inline-block\"",\""margin\"":\""0 20px 0 0\"",\""padding\"":\""0 23px 0 0\"",\""fontSize\"":24,\""fontWeight\"":500,\""verticalAlign\"":\""top\"",\""lineHeight\"":\""49px\""},\""children\"":\""404\""}],[\""$\"",\""div\"",null,{\""style\"":{\""display\"":\""inline-block\""},\""children\"":[\""$\"",\""h2\"",null,{\""style\"":{\""fontSize\"":14,\""fontWeight\"":400,\""lineHeight\"":\""49px\"",\""margin\"":0},\""children\"":\""This page could not be found.\""}]}]]}]}]],\""notFoundStyles\"":[]}]}]}]}]}]],null],null],\""couldBeIntercepted\"":false,\""initialHead\"":[null,\""$",,,,,India,,,,,,,,,,"Authentic products with batch-level verification, GST invoice, fast Pan-India delivery, and dedicated WhatsApp support.",,,,,hdmuscle.in,https://hdmuscle.in/products/bcaa/,https://hdmuscle.in/assets/hero-bg.jpg,medium,yes,Auto-normalized. Review and refine.,2026-05-01T18:37:31.781Z,2026-05-01T18:37:31.781Z
HD Muscle,hd-muscle,IntraHD,intrahd,INTRA-WORKOUT,,,,Grapefruit,,Grapefruit,HD-MUSCLE-INTRAHD-GRAPEFRUIT,,3485,3485,0,0,0,INR,18,100,in_stock,1,12,"/public/product-images/hd-muscle/intrahd/main.webp,/public/product-images/hd-muscle/intrahd/gallery-01.webp",/public/product-images/hd-muscle/intrahd/main.webp,/public/product-images/hd-muscle/intrahd/gallery-01.webp,/public/product-images/hd-muscle/intrahd/label.webp,/public/product-images/hd-muscle/intrahd/nutrition.webp,", transparent labels, and clinically dosed formulas.View collectionBACK TO TOPReceive email updates on stuff you'll probably want to know about, including products, launches, and events. All hype, no spam - but you can always unsubscribe at anytime.SUBSCRIBEPRIVACY POLICYTERMS OF SERVICESHIPPING POLICYREFUND POLICYAMEXApple PayDiscoverG PayMastercardShopVISA( INR ₹ )© 2026 HD MUSCLE. All rights reserved.(self.__next_f=self.__next_f||[]).push([0]);self.__next_f.push([2,null])self.__next_f.push([1,""1:HL[\""/_next/static/css/52826a27443c8413.css\"",\""style\""]\n""])self.__next_f.push([1,""2:I[2846,[],\""\""]\n4:I[9107,[],\""ClientPageRoot\""]\n5:I[3360,[\""648\"",\""static/chunks/648-ac0aea44645a4dcc.js\"",\""34\"",\""static/chunks/34-6679f88d9f53b69d.js\"",\""287\"",\""static/chunks/app/products/%5Bhandle%5D/page-6d0701cc0bb76083.js\""],\""default\"",1]\n6:I[4707,[],\""\""]\n8:I[6423,[],\""\""]\n9:I[204,[\""185\"",\""static/chunks/app/layout-cdaba74c85f73abd.js\""],\""StoreProvider\""]\na:I[4721,[\""185\"",\""static/chunks",,,,"\"":\""column\"",\""alignItems\"":\""center\"",\""justifyContent\"":\""center\""},\""children\"":[\""$\"",\""div\"",null,{\""children\"":[[\""$\"",\""style\"",null,{\""dangerouslySetInnerHTML\"":{\""__html\"":\""body{color:#000;background:#fff;margin:0}.next-error-h1{border-right:1px solid rgba(0,0,0,.3)}@media (prefers-color-scheme:dark){body{color:#fff;background:#000}.next-error-h1{border-right:1px solid rgba(255,255,255,.3)}}\""}}],[\""$\"",\""h1\"",null,{\""className\"":\""next-error-h1\"",\""style\"":{\""display\"":\""inline-block\"",\""margin\"":\""0 20px 0 0\"",\""padding\"":\""0 23px 0 0\"",\""fontSize\"":24,\""fontWeight\"":500,\""verticalAlign\"":\""top\"",\""lineHeight\"":\""49px\""},\""children\"":\""404\""}],[\""$\"",\""div\"",null,{\""style\"":{\""display\"":\""inline-block\""},\""children\"":[\""$\"",\""h2\"",null,{\""style\"":{\""fontSize\"":14,\""fontWeight\"":400,\""lineHeight\"":\""49px\"",\""margin\"":0},\""children\"":\""This page could not be found.\""}]}]]}]}]],\""notFoundStyles\"":[]}]}]}]}]}]],null],null],\""couldBeIntercepted\"":false,\""initialHead\"":[null,\""$",,,,,India,,,,,,,,,,"Authentic products with batch-level verification, GST invoice, fast Pan-India delivery, and dedicated WhatsApp support.",,,,,hdmuscle.in,https://hdmuscle.in/products/intrahd/,"https://hdmuscle.in/intrahd_grapefruit_738e009f-b505-4b6b-94b8-25912b577fb4-529d98f0f42b.png,https://hdmuscle.in/intra_watermelon-05a8cc27871f.jpg",medium,yes,Auto-normalized. Review and refine.,2026-05-01T18:37:31.781Z,2026-05-01T18:37:31.781Z
HD Muscle,hd-muscle,HydraHD,hydrahd,INTRA-WORKOUT,,,,Tangerine,,Tangerine,HD-MUSCLE-HYDRAHD-TANGERINE,,2489,2489,0,0,0,INR,18,100,in_stock,1,12,"/public/product-images/hd-muscle/hydrahd/main.webp,/public/product-images/hd-muscle/hydrahd/gallery-01.webp",/public/product-images/hd-muscle/hydrahd/main.webp,/public/product-images/hd-muscle/hydrahd/gallery-01.webp,/public/product-images/hd-muscle/hydrahd/label.webp,/public/product-images/hd-muscle/hydrahd/nutrition.webp,", transparent labels, and clinically dosed formulas.View collectionBACK TO TOPReceive email updates on stuff you'll probably want to know about, including products, launches, and events. All hype, no spam - but you can always unsubscribe at anytime.SUBSCRIBEPRIVACY POLICYTERMS OF SERVICESHIPPING POLICYREFUND POLICYAMEXApple PayDiscoverG PayMastercardShopVISA( INR ₹ )© 2026 HD MUSCLE. All rights reserved.(self.__next_f=self.__next_f||[]).push([0]);self.__next_f.push([2,null])self.__next_f.push([1,""1:HL[\""/_next/static/css/52826a27443c8413.css\"",\""style\""]\n""])self.__next_f.push([1,""2:I[2846,[],\""\""]\n4:I[9107,[],\""ClientPageRoot\""]\n5:I[3360,[\""648\"",\""static/chunks/648-ac0aea44645a4dcc.js\"",\""34\"",\""static/chunks/34-6679f88d9f53b69d.js\"",\""287\"",\""static/chunks/app/products/%5Bhandle%5D/page-6d0701cc0bb76083.js\""],\""default\"",1]\n6:I[4707,[],\""\""]\n8:I[6423,[],\""\""]\n9:I[204,[\""185\"",\""static/chunks/app/layout-cdaba74c85f73abd.js\""],\""StoreProvider\""]\na:I[4721,[\""185\"",\""static/chunks",,,,"\"":\""column\"",\""alignItems\"":\""center\"",\""justifyContent\"":\""center\""},\""children\"":[\""$\"",\""div\"",null,{\""children\"":[[\""$\"",\""style\"",null,{\""dangerouslySetInnerHTML\"":{\""__html\"":\""body{color:#000;background:#fff;margin:0}.next-error-h1{border-right:1px solid rgba(0,0,0,.3)}@media (prefers-color-scheme:dark){body{color:#fff;background:#000}.next-error-h1{border-right:1px solid rgba(255,255,255,.3)}}\""}}],[\""$\"",\""h1\"",null,{\""className\"":\""next-error-h1\"",\""style\"":{\""display\"":\""inline-block\"",\""margin\"":\""0 20px 0 0\"",\""padding\"":\""0 23px 0 0\"",\""fontSize\"":24,\""fontWeight\"":500,\""verticalAlign\"":\""top\"",\""lineHeight\"":\""49px\""},\""children\"":\""404\""}],[\""$\"",\""div\"",null,{\""style\"":{\""display\"":\""inline-block\""},\""children\"":[\""$\"",\""h2\"",null,{\""style\"":{\""fontSize\"":14,\""fontWeight\"":400,\""lineHeight\"":\""49px\"",\""margin\"":0},\""children\"":\""This page could not be found.\""}]}]]}]}]],\""notFoundStyles\"":[]}]}]}]}]}]],null],null],\""couldBeIntercepted\"":false,\""initialHead\"":[null,\""$",,,,,India,,,,,,,,,,"Authentic products with batch-level verification, GST invoice, fast Pan-India delivery, and dedicated WhatsApp support.",,,,,hdmuscle.in,https://hdmuscle.in/products/hydrahd/,"https://hdmuscle.in/hydrahd-tangerine-us-16303cf76229.png,https://hdmuscle.in/hydrahd-supp-facts-tangerine-df0a07b645d4.png",medium,yes,Auto-normalized. Review and refine.,2026-05-01T18:37:31.781Z,2026-05-01T18:37:31.781Z
HD Muscle,hd-muscle,GlutaHD,glutahd,INTRA-WORKOUT,,,,,,GlutaHD,HD-MUSCLE-GLUTAHD,,1991,1991,0,0,0,INR,18,100,in_stock,1,12,"/public/product-images/hd-muscle/glutahd/main.webp,/public/product-images/hd-muscle/glutahd/gallery-01.webp",/public/product-images/hd-muscle/glutahd/main.webp,/public/product-images/hd-muscle/glutahd/gallery-01.webp,/public/product-images/hd-muscle/glutahd/label.webp,/public/product-images/hd-muscle/glutahd/nutrition.webp,", transparent labels, and clinically dosed formulas.View collectionBACK TO TOPReceive email updates on stuff you'll probably want to know about, including products, launches, and events. All hype, no spam - but you can always unsubscribe at anytime.SUBSCRIBEPRIVACY POLICYTERMS OF SERVICESHIPPING POLICYREFUND POLICYAMEXApple PayDiscoverG PayMastercardShopVISA( INR ₹ )© 2026 HD MUSCLE. All rights reserved.(self.__next_f=self.__next_f||[]).push([0]);self.__next_f.push([2,null])self.__next_f.push([1,""1:HL[\""/_next/static/css/52826a27443c8413.css\"",\""style\""]\n""])self.__next_f.push([1,""2:I[2846,[],\""\""]\n4:I[9107,[],\""ClientPageRoot\""]\n5:I[3360,[\""648\"",\""static/chunks/648-ac0aea44645a4dcc.js\"",\""34\"",\""static/chunks/34-6679f88d9f53b69d.js\"",\""287\"",\""static/chunks/app/products/%5Bhandle%5D/page-6d0701cc0bb76083.js\""],\""default\"",1]\n6:I[4707,[],\""\""]\n8:I[6423,[],\""\""]\n9:I[204,[\""185\"",\""static/chunks/app/layout-cdaba74c85f73abd.js\""],\""StoreProvider\""]\na:I[4721,[\""185\"",\""static/chunks",,,,"\"":\""column\"",\""alignItems\"":\""center\"",\""justifyContent\"":\""center\""},\""children\"":[\""$\"",\""div\"",null,{\""children\"":[[\""$\"",\""style\"",null,{\""dangerouslySetInnerHTML\"":{\""__html\"":\""body{color:#000;background:#fff;margin:0}.next-error-h1{border-right:1px solid rgba(0,0,0,.3)}@media (prefers-color-scheme:dark){body{color:#fff;background:#000}.next-error-h1{border-right:1px solid rgba(255,255,255,.3)}}\""}}],[\""$\"",\""h1\"",null,{\""className\"":\""next-error-h1\"",\""style\"":{\""display\"":\""inline-block\"",\""margin\"":\""0 20px 0 0\"",\""padding\"":\""0 23px 0 0\"",\""fontSize\"":24,\""fontWeight\"":500,\""verticalAlign\"":\""top\"",\""lineHeight\"":\""49px\""},\""children\"":\""404\""}],[\""$\"",\""div\"",null,{\""style\"":{\""display\"":\""inline-block\""},\""children\"":[\""$\"",\""h2\"",null,{\""style\"":{\""fontSize\"":14,\""fontWeight\"":400,\""lineHeight\"":\""49px\"",\""margin\"":0},\""children\"":\""This page could not be found.\""}]}]]}]}]],\""notFoundStyles\"":[]}]}]}]}]}]],null],null],\""couldBeIntercepted\"":false,\""initialHead\"":[null,\""$",,,,,India,,,,,,,,,,"Authentic products with batch-level verification, GST invoice, fast Pan-India delivery, and dedicated WhatsApp support.",,,,,hdmuscle.in,https://hdmuscle.in/products/glutahd/,"https://hdmuscle.in/glutahd-front-black-lid-0e6436cfe231.jpg,https://hdmuscle.in/glutahd-front-black-lid-ba21e88593f0.jpg",medium,yes,Auto-normalized. Review and refine.,2026-05-01T18:37:31.781Z,2026-05-01T18:37:31.781Z
HD Muscle,hd-muscle,CreaHD (Creapure®),creahd-creapurer,INTRA-WORKOUT,,,,,,CreaHD (Creapure®),HD-MUSCLE-CREAHD-CREAPURER,,3485,3485,0,0,0,INR,18,100,in_stock,1,12,"/public/product-images/hd-muscle/creahd-creapurer/main.webp,/public/product-images/hd-muscle/creahd-creapurer/gallery-01.webp",/public/product-images/hd-muscle/creahd-creapurer/main.webp,/public/product-images/hd-muscle/creahd-creapurer/gallery-01.webp,/public/product-images/hd-muscle/creahd-creapurer/label.webp,/public/product-images/hd-muscle/creahd-creapurer/nutrition.webp,", transparent labels, and clinically dosed formulas.View collectionBACK TO TOPReceive email updates on stuff you'll probably want to know about, including products, launches, and events. All hype, no spam - but you can always unsubscribe at anytime.SUBSCRIBEPRIVACY POLICYTERMS OF SERVICESHIPPING POLICYREFUND POLICYAMEXApple PayDiscoverG PayMastercardShopVISA( INR ₹ )© 2026 HD MUSCLE. All rights reserved.(self.__next_f=self.__next_f||[]).push([0]);self.__next_f.push([2,null])self.__next_f.push([1,""1:HL[\""/_next/static/css/52826a27443c8413.css\"",\""style\""]\n""])self.__next_f.push([1,""2:I[2846,[],\""\""]\n4:I[9107,[],\""ClientPageRoot\""]\n5:I[3360,[\""648\"",\""static/chunks/648-ac0aea44645a4dcc.js\"",\""34\"",\""static/chunks/34-6679f88d9f53b69d.js\"",\""287\"",\""static/chunks/app/products/%5Bhandle%5D/page-6d0701cc0bb76083.js\""],\""default\"",1]\n6:I[4707,[],\""\""]\n8:I[6423,[],\""\""]\n9:I[204,[\""185\"",\""static/chunks/app/layout-cdaba74c85f73abd.js\""],\""StoreProvider\""]\na:I[4721,[\""185\"",\""static/chunks",,,,"\"":\""column\"",\""alignItems\"":\""center\"",\""justifyContent\"":\""center\""},\""children\"":[\""$\"",\""div\"",null,{\""children\"":[[\""$\"",\""style\"",null,{\""dangerouslySetInnerHTML\"":{\""__html\"":\""body{color:#000;background:#fff;margin:0}.next-error-h1{border-right:1px solid rgba(0,0,0,.3)}@media (prefers-color-scheme:dark){body{color:#fff;background:#000}.next-error-h1{border-right:1px solid rgba(255,255,255,.3)}}\""}}],[\""$\"",\""h1\"",null,{\""className\"":\""next-error-h1\"",\""style\"":{\""display\"":\""inline-block\"",\""margin\"":\""0 20px 0 0\"",\""padding\"":\""0 23px 0 0\"",\""fontSize\"":24,\""fontWeight\"":500,\""verticalAlign\"":\""top\"",\""lineHeight\"":\""49px\""},\""children\"":\""404\""}],[\""$\"",\""div\"",null,{\""style\"":{\""display\"":\""inline-block\""},\""children\"":[\""$\"",\""h2\"",null,{\""style\"":{\""fontSize\"":14,\""fontWeight\"":400,\""lineHeight\"":\""49px\"",\""margin\"":0},\""children\"":\""This page could not be found.\""}]}]]}]}]],\""notFoundStyles\"":[]}]}]}]}]}]],null],null],\""couldBeIntercepted\"":false,\""initialHead\"":[null,\""$",,,,,India,,,,,,,,,,"Authentic products with batch-level verification, GST invoice, fast Pan-India delivery, and dedicated WhatsApp support.",,,,,hdmuscle.in,https://hdmuscle.in/products/creahd/,"https://hdmuscle.in/creahd_transparent-e088b481899b.png,https://hdmuscle.in/creahd-53c587c6f495.jpg",medium,yes,Auto-normalized. Review and refine.,2026-05-01T18:37:31.781Z,2026-05-01T18:37:31.781Z
HD Muscle,hd-muscle,CarbHD,carbhd,INTRA-WORKOUT,,,,Unflavored,,Unflavored,HD-MUSCLE-CARBHD-UNFLAVORED,,3983,3983,0,0,0,INR,18,100,in_stock,1,12,"/public/product-images/hd-muscle/carbhd/main.webp,/public/product-images/hd-muscle/carbhd/gallery-01.webp",/public/product-images/hd-muscle/carbhd/main.webp,/public/product-images/hd-muscle/carbhd/gallery-01.webp,/public/product-images/hd-muscle/carbhd/label.webp,/public/product-images/hd-muscle/carbhd/nutrition.webp,", transparent labels, and clinically dosed formulas.View collectionBACK TO TOPReceive email updates on stuff you'll probably want to know about, including products, launches, and events. All hype, no spam - but you can always unsubscribe at anytime.SUBSCRIBEPRIVACY POLICYTERMS OF SERVICESHIPPING POLICYREFUND POLICYAMEXApple PayDiscoverG PayMastercardShopVISA( INR ₹ )© 2026 HD MUSCLE. All rights reserved.(self.__next_f=self.__next_f||[]).push([0]);self.__next_f.push([2,null])self.__next_f.push([1,""1:HL[\""/_next/static/css/52826a27443c8413.css\"",\""style\""]\n""])self.__next_f.push([1,""2:I[2846,[],\""\""]\n4:I[9107,[],\""ClientPageRoot\""]\n5:I[3360,[\""648\"",\""static/chunks/648-ac0aea44645a4dcc.js\"",\""34\"",\""static/chunks/34-6679f88d9f53b69d.js\"",\""287\"",\""static/chunks/app/products/%5Bhandle%5D/page-6d0701cc0bb76083.js\""],\""default\"",1]\n6:I[4707,[],\""\""]\n8:I[6423,[],\""\""]\n9:I[204,[\""185\"",\""static/chunks/app/layout-cdaba74c85f73abd.js\""],\""StoreProvider\""]\na:I[4721,[\""185\"",\""static/chunks",,,,"\"":\""column\"",\""alignItems\"":\""center\"",\""justifyContent\"":\""center\""},\""children\"":[\""$\"",\""div\"",null,{\""children\"":[[\""$\"",\""style\"",null,{\""dangerouslySetInnerHTML\"":{\""__html\"":\""body{color:#000;background:#fff;margin:0}.next-error-h1{border-right:1px solid rgba(0,0,0,.3)}@media (prefers-color-scheme:dark){body{color:#fff;background:#000}.next-error-h1{border-right:1px solid rgba(255,255,255,.3)}}\""}}],[\""$\"",\""h1\"",null,{\""className\"":\""next-error-h1\"",\""style\"":{\""display\"":\""inline-block\"",\""margin\"":\""0 20px 0 0\"",\""padding\"":\""0 23px 0 0\"",\""fontSize\"":24,\""fontWeight\"":500,\""verticalAlign\"":\""top\"",\""lineHeight\"":\""49px\""},\""children\"":\""404\""}],[\""$\"",\""div\"",null,{\""style\"":{\""display\"":\""inline-block\""},\""children\"":[\""$\"",\""h2\"",null,{\""style\"":{\""fontSize\"":14,\""fontWeight\"":400,\""lineHeight\"":\""49px\"",\""margin\"":0},\""children\"":\""This page could not be found.\""}]}]]}]}]],\""notFoundStyles\"":[]}]}]}]}]}]],null],null],\""couldBeIntercepted\"":false,\""initialHead\"":[null,\""$",,,,,India,,,,,,,,,,"Authentic products with batch-level verification, GST invoice, fast Pan-India delivery, and dedicated WhatsApp support.",,,,,hdmuscle.in,https://hdmuscle.in/products/carbhd/,"https://hdmuscle.in/carbhd_unflavoured_whitelid-c0f8b9a5cef0.png,https://hdmuscle.in/carb_unflavored-eff5450349cd.jpg",medium,yes,Auto-normalized. Review and refine.,2026-05-01T18:37:31.781Z,2026-05-01T18:37:31.781Z
HD Muscle,hd-muscle,Casein,casein,POST-WORKOUT,,,,,,Casein,HD-MUSCLE-CASEIN,,3983,3983,0,0,0,INR,18,100,in_stock,1,12,/public/product-images/hd-muscle/casein/main.webp,/public/product-images/hd-muscle/casein/main.webp,,/public/product-images/hd-muscle/casein/label.webp,/public/product-images/hd-muscle/casein/nutrition.webp,", transparent labels, and clinically dosed formulas.View collectionBACK TO TOPReceive email updates on stuff you'll probably want to know about, including products, launches, and events. All hype, no spam - but you can always unsubscribe at anytime.SUBSCRIBEPRIVACY POLICYTERMS OF SERVICESHIPPING POLICYREFUND POLICYAMEXApple PayDiscoverG PayMastercardShopVISA( INR ₹ )© 2026 HD MUSCLE. All rights reserved.(self.__next_f=self.__next_f||[]).push([0]);self.__next_f.push([2,null])self.__next_f.push([1,""1:HL[\""/_next/static/css/52826a27443c8413.css\"",\""style\""]\n""])self.__next_f.push([1,""2:I[2846,[],\""\""]\n4:I[9107,[],\""ClientPageRoot\""]\n5:I[3360,[\""648\"",\""static/chunks/648-ac0aea44645a4dcc.js\"",\""34\"",\""static/chunks/34-6679f88d9f53b69d.js\"",\""287\"",\""static/chunks/app/products/%5Bhandle%5D/page-6d0701cc0bb76083.js\""],\""default\"",1]\n6:I[4707,[],\""\""]\n8:I[6423,[],\""\""]\n9:I[204,[\""185\"",\""static/chunks/app/layout-cdaba74c85f73abd.js\""],\""StoreProvider\""]\na:I[4721,[\""185\"",\""static/chunks",,,,"\"":\""column\"",\""alignItems\"":\""center\"",\""justifyContent\"":\""center\""},\""children\"":[\""$\"",\""div\"",null,{\""children\"":[[\""$\"",\""style\"",null,{\""dangerouslySetInnerHTML\"":{\""__html\"":\""body{color:#000;background:#fff;margin:0}.next-error-h1{border-right:1px solid rgba(0,0,0,.3)}@media (prefers-color-scheme:dark){body{color:#fff;background:#000}.next-error-h1{border-right:1px solid rgba(255,255,255,.3)}}\""}}],[\""$\"",\""h1\"",null,{\""className\"":\""next-error-h1\"",\""style\"":{\""display\"":\""inline-block\"",\""margin\"":\""0 20px 0 0\"",\""padding\"":\""0 23px 0 0\"",\""fontSize\"":24,\""fontWeight\"":500,\""verticalAlign\"":\""top\"",\""lineHeight\"":\""49px\""},\""children\"":\""404\""}],[\""$\"",\""div\"",null,{\""style\"":{\""display\"":\""inline-block\""},\""children\"":[\""$\"",\""h2\"",null,{\""style\"":{\""fontSize\"":14,\""fontWeight\"":400,\""lineHeight\"":\""49px\"",\""margin\"":0},\""children\"":\""This page could not be found.\""}]}]]}]}]],\""notFoundStyles\"":[]}]}]}]}]}]],null],null],\""couldBeIntercepted\"":false,\""initialHead\"":[null,\""$",,,,,India,,,,,,,,,,"Authentic products with batch-level verification, GST invoice, fast Pan-India delivery, and dedicated WhatsApp support.",,,,,hdmuscle.in,https://hdmuscle.in/products/casein/,https://hdmuscle.in/assets/hero-bg.jpg,medium,yes,Auto-normalized. Review and refine.,2026-05-01T18:37:31.781Z,2026-05-01T18:37:31.781Z
HD Muscle,hd-muscle,Protein Pancakes,protein-pancakes,POST-WORKOUT,,,,,,Protein Pancakes,HD-MUSCLE-PROTEIN-PANCAKES,,2987,2987,0,0,0,INR,18,100,in_stock,1,12,/public/product-images/hd-muscle/protein-pancakes/main.webp,/public/product-images/hd-muscle/protein-pancakes/main.webp,,/public/product-images/hd-muscle/protein-pancakes/label.webp,/public/product-images/hd-muscle/protein-pancakes/nutrition.webp,", transparent labels, and clinically dosed formulas.View collectionBACK TO TOPReceive email updates on stuff you'll probably want to know about, including products, launches, and events. All hype, no spam - but you can always unsubscribe at anytime.SUBSCRIBEPRIVACY POLICYTERMS OF SERVICESHIPPING POLICYREFUND POLICYAMEXApple PayDiscoverG PayMastercardShopVISA( INR ₹ )© 2026 HD MUSCLE. All rights reserved.(self.__next_f=self.__next_f||[]).push([0]);self.__next_f.push([2,null])self.__next_f.push([1,""1:HL[\""/_next/static/css/52826a27443c8413.css\"",\""style\""]\n""])self.__next_f.push([1,""2:I[2846,[],\""\""]\n4:I[9107,[],\""ClientPageRoot\""]\n5:I[3360,[\""648\"",\""static/chunks/648-ac0aea44645a4dcc.js\"",\""34\"",\""static/chunks/34-6679f88d9f53b69d.js\"",\""287\"",\""static/chunks/app/products/%5Bhandle%5D/page-6d0701cc0bb76083.js\""],\""default\"",1]\n6:I[4707,[],\""\""]\n8:I[6423,[],\""\""]\n9:I[204,[\""185\"",\""static/chunks/app/layout-cdaba74c85f73abd.js\""],\""StoreProvider\""]\na:I[4721,[\""185\"",\""static/chunks",,,,"\"":\""column\"",\""alignItems\"":\""center\"",\""justifyContent\"":\""center\""},\""children\"":[\""$\"",\""div\"",null,{\""children\"":[[\""$\"",\""style\"",null,{\""dangerouslySetInnerHTML\"":{\""__html\"":\""body{color:#000;background:#fff;margin:0}.next-error-h1{border-right:1px solid rgba(0,0,0,.3)}@media (prefers-color-scheme:dark){body{color:#fff;background:#000}.next-error-h1{border-right:1px solid rgba(255,255,255,.3)}}\""}}],[\""$\"",\""h1\"",null,{\""className\"":\""next-error-h1\"",\""style\"":{\""display\"":\""inline-block\"",\""margin\"":\""0 20px 0 0\"",\""padding\"":\""0 23px 0 0\"",\""fontSize\"":24,\""fontWeight\"":500,\""verticalAlign\"":\""top\"",\""lineHeight\"":\""49px\""},\""children\"":\""404\""}],[\""$\"",\""div\"",null,{\""style\"":{\""display\"":\""inline-block\""},\""children\"":[\""$\"",\""h2\"",null,{\""style\"":{\""fontSize\"":14,\""fontWeight\"":400,\""lineHeight\"":\""49px\"",\""margin\"":0},\""children\"":\""This page could not be found.\""}]}]]}]}]],\""notFoundStyles\"":[]}]}]}]}]}]],null],null],\""couldBeIntercepted\"":false,\""initialHead\"":[null,\""$",,,,,India,,,,,,,,,,"Authentic products with batch-level verification, GST invoice, fast Pan-India delivery, and dedicated WhatsApp support.",,,,,hdmuscle.in,https://hdmuscle.in/products/protein-pancakes/,https://hdmuscle.in/assets/hero-bg.jpg,medium,yes,Auto-normalized. Review and refine.,2026-05-01T18:37:31.781Z,2026-05-01T18:37:31.781Z
HD Muscle,hd-muscle,ProHD Isolate,prohd-isolate,POST-WORKOUT,,,,Chocolate,,Chocolate,HD-MUSCLE-PROHD-ISOLATE-CHOCOLATE,,5975,5975,0,0,0,INR,18,100,in_stock,1,12,"/public/product-images/hd-muscle/prohd-isolate/main.webp,/public/product-images/hd-muscle/prohd-isolate/gallery-01.webp",/public/product-images/hd-muscle/prohd-isolate/main.webp,/public/product-images/hd-muscle/prohd-isolate/gallery-01.webp,/public/product-images/hd-muscle/prohd-isolate/label.webp,/public/product-images/hd-muscle/prohd-isolate/nutrition.webp,", transparent labels, and clinically dosed formulas.View collectionBACK TO TOPReceive email updates on stuff you'll probably want to know about, including products, launches, and events. All hype, no spam - but you can always unsubscribe at anytime.SUBSCRIBEPRIVACY POLICYTERMS OF SERVICESHIPPING POLICYREFUND POLICYAMEXApple PayDiscoverG PayMastercardShopVISA( INR ₹ )© 2026 HD MUSCLE. All rights reserved.(self.__next_f=self.__next_f||[]).push([0]);self.__next_f.push([2,null])self.__next_f.push([1,""1:HL[\""/_next/static/css/52826a27443c8413.css\"",\""style\""]\n""])self.__next_f.push([1,""2:I[2846,[],\""\""]\n4:I[9107,[],\""ClientPageRoot\""]\n5:I[3360,[\""648\"",\""static/chunks/648-ac0aea44645a4dcc.js\"",\""34\"",\""static/chunks/34-6679f88d9f53b69d.js\"",\""287\"",\""static/chunks/app/products/%5Bhandle%5D/page-6d0701cc0bb76083.js\""],\""default\"",1]\n6:I[4707,[],\""\""]\n8:I[6423,[],\""\""]\n9:I[204,[\""185\"",\""static/chunks/app/layout-cdaba74c85f73abd.js\""],\""StoreProvider\""]\na:I[4721,[\""185\"",\""static/chunks",,,,"\"":\""column\"",\""alignItems\"":\""center\"",\""justifyContent\"":\""center\""},\""children\"":[\""$\"",\""div\"",null,{\""children\"":[[\""$\"",\""style\"",null,{\""dangerouslySetInnerHTML\"":{\""__html\"":\""body{color:#000;background:#fff;margin:0}.next-error-h1{border-right:1px solid rgba(0,0,0,.3)}@media (prefers-color-scheme:dark){body{color:#fff;background:#000}.next-error-h1{border-right:1px solid rgba(255,255,255,.3)}}\""}}],[\""$\"",\""h1\"",null,{\""className\"":\""next-error-h1\"",\""style\"":{\""display\"":\""inline-block\"",\""margin\"":\""0 20px 0 0\"",\""padding\"":\""0 23px 0 0\"",\""fontSize\"":24,\""fontWeight\"":500,\""verticalAlign\"":\""top\"",\""lineHeight\"":\""49px\""},\""children\"":\""404\""}],[\""$\"",\""div\"",null,{\""style\"":{\""display\"":\""inline-block\""},\""children\"":[\""$\"",\""h2\"",null,{\""style\"":{\""fontSize\"":14,\""fontWeight\"":400,\""lineHeight\"":\""49px\"",\""margin\"":0},\""children\"":\""This page could not be found.\""}]}]]}]}]],\""notFoundStyles\"":[]}]}]}]}]}]],null],null],\""couldBeIntercepted\"":false,\""initialHead\"":[null,\""$",,,,,India,,,,,,,,,,"Authentic products with batch-level verification, GST invoice, fast Pan-India delivery, and dedicated WhatsApp support.",,,,,hdmuscle.in,https://hdmuscle.in/products/prohd/,"https://hdmuscle.in/prohd_chocolate_front-1cca5974cf27.png,https://hdmuscle.in/chocolate_4.4-bbdf4d506093.jpg",medium,yes,Auto-normalized. Review and refine.,2026-05-01T18:37:31.781Z,2026-05-01T18:37:31.781Z
HD Muscle,hd-muscle,WheyHD,wheyhd,POST-WORKOUT,,,,,,WheyHD,HD-MUSCLE-WHEYHD,,4481,4481,0,0,0,INR,18,100,in_stock,1,12,/public/product-images/hd-muscle/wheyhd/main.webp,/public/product-images/hd-muscle/wheyhd/main.webp,,/public/product-images/hd-muscle/wheyhd/label.webp,/public/product-images/hd-muscle/wheyhd/nutrition.webp,", transparent labels, and clinically dosed formulas.View collectionBACK TO TOPReceive email updates on stuff you'll probably want to know about, including products, launches, and events. All hype, no spam - but you can always unsubscribe at anytime.SUBSCRIBEPRIVACY POLICYTERMS OF SERVICESHIPPING POLICYREFUND POLICYAMEXApple PayDiscoverG PayMastercardShopVISA( INR ₹ )© 2026 HD MUSCLE. All rights reserved.(self.__next_f=self.__next_f||[]).push([0]);self.__next_f.push([2,null])self.__next_f.push([1,""1:HL[\""/_next/static/css/52826a27443c8413.css\"",\""style\""]\n""])self.__next_f.push([1,""2:I[2846,[],\""\""]\n4:I[9107,[],\""ClientPageRoot\""]\n5:I[3360,[\""648\"",\""static/chunks/648-ac0aea44645a4dcc.js\"",\""34\"",\""static/chunks/34-6679f88d9f53b69d.js\"",\""287\"",\""static/chunks/app/products/%5Bhandle%5D/page-6d0701cc0bb76083.js\""],\""default\"",1]\n6:I[4707,[],\""\""]\n8:I[6423,[],\""\""]\n9:I[204,[\""185\"",\""static/chunks/app/layout-cdaba74c85f73abd.js\""],\""StoreProvider\""]\na:I[4721,[\""185\"",\""static/chunks",,,,"\"":\""column\"",\""alignItems\"":\""center\"",\""justifyContent\"":\""center\""},\""children\"":[\""$\"",\""div\"",null,{\""children\"":[[\""$\"",\""style\"",null,{\""dangerouslySetInnerHTML\"":{\""__html\"":\""body{color:#000;background:#fff;margin:0}.next-error-h1{border-right:1px solid rgba(0,0,0,.3)}@media (prefers-color-scheme:dark){body{color:#fff;background:#000}.next-error-h1{border-right:1px solid rgba(255,255,255,.3)}}\""}}],[\""$\"",\""h1\"",null,{\""className\"":\""next-error-h1\"",\""style\"":{\""display\"":\""inline-block\"",\""margin\"":\""0 20px 0 0\"",\""padding\"":\""0 23px 0 0\"",\""fontSize\"":24,\""fontWeight\"":500,\""verticalAlign\"":\""top\"",\""lineHeight\"":\""49px\""},\""children\"":\""404\""}],[\""$\"",\""div\"",null,{\""style\"":{\""display\"":\""inline-block\""},\""children\"":[\""$\"",\""h2\"",null,{\""style\"":{\""fontSize\"":14,\""fontWeight\"":400,\""lineHeight\"":\""49px\"",\""margin\"":0},\""children\"":\""This page could not be found.\""}]}]]}]}]],\""notFoundStyles\"":[]}]}]}]}]}]],null],null],\""couldBeIntercepted\"":false,\""initialHead\"":[null,\""$",,,,,India,,,,,,,,,,"Authentic products with batch-level verification, GST invoice, fast Pan-India delivery, and dedicated WhatsApp support.",,,,,hdmuscle.in,https://hdmuscle.in/products/whey-hd/,https://hdmuscle.in/assets/hero-bg.jpg,medium,yes,Auto-normalized. Review and refine.,2026-05-01T18:37:31.781Z,2026-05-01T18:37:31.781Z
